pCONS,biorep,sample,normalized_freq,log_freq,plant,fluor,tech,ensemb_lab
35s,Rep1,TG,2.114772075858592,1.080502182140598,Tobacco,GFP,Tech1,35s
35s,Rep1,TG2,2.407390499413473,1.2674701783196654,Tobacco,GFP,Tech2,35s
35s,Rep2,TG,2.4611954662092494,1.2993592400522345,Tobacco,GFP,Tech1,35s
35s,Rep2,TG2,2.4618067750893964,1.2997175304819946,Tobacco,GFP,Tech2,35s
35s,Rep3,TG,2.3457184860888907,1.23002988331815,Tobacco,GFP,Tech1,35s
35s,Rep3,TG2,2.4085791543911976,1.2681823367424903,Tobacco,GFP,Tech2,35s
35s,Rep4,TG,2.327453699692489,1.218752468369059,Tobacco,GFP,Tech1,35s
35s,Rep4,TG2,2.6443991329110443,1.4029399467446007,Tobacco,GFP,Tech2,35s
35s,Rep5,TG,2.615991790046774,1.3873580131305707,Tobacco,GFP,Tech1,35s
35s,Rep5,TG2,2.731370503021685,1.449625025057827,Tobacco,GFP,Tech2,35s
35s,Rep6,TG,2.2839582161888057,1.191536257597164,Tobacco,GFP,Tech1,35s
35s,Rep6,TG2,2.328054239200686,1.2191246706664287,Tobacco,GFP,Tech2,35s
PNOS,Rep1,TG,0.8803604261717232,-0.18383380000887115,Tobacco,GFP,Tech1,PNOS
PNOS,Rep1,TG2,0.812965581715648,-0.298733820249116,Tobacco,GFP,Tech2,PNOS
PNOS,Rep2,TG,0.5956205290896666,-0.7475346151355063,Tobacco,GFP,Tech1,PNOS
PNOS,Rep2,TG2,0.6062894265565661,-0.7219214322496801,Tobacco,GFP,Tech2,PNOS
PNOS,Rep3,TG,0.845205877060543,-0.24262529593369722,Tobacco,GFP,Tech1,PNOS
PNOS,Rep3,TG2,0.7537739941805379,-0.407796073185668,Tobacco,GFP,Tech2,PNOS
PNOS,Rep4,TG,0.6339458516478976,-0.6575684767549168,Tobacco,GFP,Tech1,PNOS
PNOS,Rep4,TG2,0.657706745793403,-0.6044836274844461,Tobacco,GFP,Tech2,PNOS
PNOS,Rep5,TG,0.7620996749948521,-0.391948394784875,Tobacco,GFP,Tech1,PNOS
PNOS,Rep5,TG2,0.7340212368497795,-0.44610629087249826,Tobacco,GFP,Tech2,PNOS
PNOS,Rep6,TG,0.7374807125013861,-0.43932277615937565,Tobacco,GFP,Tech1,PNOS
PNOS,Rep6,TG2,0.707778948072242,-0.4986292434992585,Tobacco,GFP,Tech2,PNOS
pCH1,Rep1,TG,0.512138891789221,-0.9653929734866903,Tobacco,GFP,Tech1,pCH1-5
pCH1,Rep1,TG2,0.4531580522312674,-1.1419137744148051,Tobacco,GFP,Tech2,pCH1-5
pCH1,Rep2,TG,0.5573204131555546,-0.843421098444349,Tobacco,GFP,Tech1,pCH1-5
pCH1,Rep2,TG2,0.5188697229178844,-0.9465557406846667,Tobacco,GFP,Tech2,pCH1-5
pCH1,Rep3,TG,0.6080892195220935,-0.717645081878214,Tobacco,GFP,Tech1,pCH1-5
pCH1,Rep3,TG2,0.5071759291922713,-0.9794418187692758,Tobacco,GFP,Tech2,pCH1-5
pCH1,Rep4,TG,0.4637746906270106,-1.1085040043195842,Tobacco,GFP,Tech1,pCH1-5
pCH1,Rep4,TG2,0.42408618930944353,-1.237570593653566,Tobacco,GFP,Tech2,pCH1-5
pCH1,Rep5,TG,0.5421417137705219,-0.8832580790454163,Tobacco,GFP,Tech1,pCH1-5
pCH1,Rep5,TG2,0.5039093368072065,-0.9887639070046597,Tobacco,GFP,Tech2,pCH1-5
pCH1,Rep6,TG,0.5823502432005925,-0.7800409999179322,Tobacco,GFP,Tech1,pCH1-5
pCH1,Rep6,TG2,0.5267717883258005,-0.9247500118827718,Tobacco,GFP,Tech2,pCH1-5
pCH2,Rep1,TG,0.7000436091919603,-0.5144832973936139,Tobacco,GFP,Tech1,pCH1-5
pCH2,Rep1,TG2,0.6135526122598423,-0.7047410343049628,Tobacco,GFP,Tech2,pCH1-5
pCH2,Rep2,TG,0.6055929403622549,-0.7235797075355307,Tobacco,GFP,Tech1,pCH1-5
pCH2,Rep2,TG2,0.6176337618769946,-0.6951764777068623,Tobacco,GFP,Tech2,pCH1-5
pCH2,Rep3,TG,0.7769732180964257,-0.36406322442089367,Tobacco,GFP,Tech1,pCH1-5
pCH2,Rep3,TG2,0.6625840528619032,-0.5938246139766027,Tobacco,GFP,Tech2,pCH1-5
pCH2,Rep4,TG,0.5924808069345506,-0.7551596753723893,Tobacco,GFP,Tech1,pCH1-5
pCH2,Rep4,TG2,0.5891201734208623,-0.7633661383968909,Tobacco,GFP,Tech2,pCH1-5
pCH2,Rep5,TG,0.6298978894093701,-0.6668101176754414,Tobacco,GFP,Tech1,pCH1-5
pCH2,Rep5,TG2,0.6143812232990685,-0.7027939697580805,Tobacco,GFP,Tech2,pCH1-5
pCH2,Rep6,TG,0.7701355717484449,-0.3768156601540961,Tobacco,GFP,Tech1,pCH1-5
pCH2,Rep6,TG2,0.6644804256550488,-0.5897013938454031,Tobacco,GFP,Tech2,pCH1-5
pCH3,Rep1,TG,1.0592426405479192,0.08303310511728133,Tobacco,GFP,Tech1,pCH1-5
pCH3,Rep1,TG2,0.7108507234929012,-0.4923814648421866,Tobacco,GFP,Tech2,pCH1-5
pCH3,Rep2,TG,1.7477633928495582,0.8055098901776652,Tobacco,GFP,Tech1,pCH1-5
pCH3,Rep2,TG2,0.6536797666568351,-0.613344052746205,Tobacco,GFP,Tech2,pCH1-5
pCH3,Rep3,TG,0.8468452509529302,-0.2398297334526322,Tobacco,GFP,Tech1,pCH1-5
pCH3,Rep3,TG2,0.6347258287611551,-0.655794543794238,Tobacco,GFP,Tech2,pCH1-5
pCH3,Rep4,TG,1.4477825111961269,0.5338448941440475,Tobacco,GFP,Tech1,pCH1-5
pCH3,Rep4,TG2,0.327493164730456,-1.6104632991147787,Tobacco,GFP,Tech2,pCH1-5
pCH3,Rep5,TG,0.6718538005373587,-0.5737807669234153,Tobacco,GFP,Tech1,pCH1-5
pCH3,Rep5,TG2,0.36011354386684236,-1.4734762345924932,Tobacco,GFP,Tech2,pCH1-5
pCH3,Rep6,TG,0.8922101962800111,-0.1645444593979854,Tobacco,GFP,Tech1,pCH1-5
pCH3,Rep6,TG2,0.649397736103426,-0.6228257397029262,Tobacco,GFP,Tech2,pCH1-5
pCH4,Rep1,TG,0.22959954671961277,-2.122808301070679,Tobacco,GFP,Tech1,pCH1-5
pCH4,Rep1,TG2,0.16759739155100162,-2.576928399464173,Tobacco,GFP,Tech2,pCH1-5
pCH4,Rep2,TG,0.25131330461721135,-1.992441044849929,Tobacco,GFP,Tech1,pCH1-5
pCH4,Rep2,TG2,0.17115861170164579,-2.5465942127254153,Tobacco,GFP,Tech2,pCH1-5
pCH4,Rep3,TG,0.1770671860953872,-2.497631216754215,Tobacco,GFP,Tech1,pCH1-5
pCH4,Rep3,TG2,0.12569636618706767,-2.9919851520475964,Tobacco,GFP,Tech2,pCH1-5
pCH4,Rep4,TG,0.21951926441700348,-2.1875805425557235,Tobacco,GFP,Tech1,pCH1-5
pCH4,Rep4,TG2,0.15746470697852322,-2.6668995854667528,Tobacco,GFP,Tech2,pCH1-5
pCH4,Rep5,TG,0.20844870131160076,-2.2622357110699154,Tobacco,GFP,Tech1,pCH1-5
pCH4,Rep5,TG2,0.15123795822360636,-2.725107817311264,Tobacco,GFP,Tech2,pCH1-5
pCH4,Rep6,TG,0.21571504438120595,-2.2128012985592025,Tobacco,GFP,Tech1,pCH1-5
pCH4,Rep6,TG2,0.1686973342775307,-2.567490918268239,Tobacco,GFP,Tech2,pCH1-5
pCH5,Rep1,TG,0.648003880373456,-0.625925642612678,Tobacco,GFP,Tech1,pCH1-5
pCH5,Rep1,TG2,0.6247341426735957,-0.6786857173452981,Tobacco,GFP,Tech2,pCH1-5
pCH5,Rep2,TG,0.612716706062166,-0.7067079071522365,Tobacco,GFP,Tech1,pCH1-5
pCH5,Rep2,TG2,0.6072164517212632,-0.7197172157032421,Tobacco,GFP,Tech2,pCH1-5
pCH5,Rep3,TG,0.7797325511416766,-0.3589487315624272,Tobacco,GFP,Tech1,pCH1-5
pCH5,Rep3,TG2,0.7015355244613523,-0.5114119337840636,Tobacco,GFP,Tech2,pCH1-5
pCH5,Rep4,TG,0.7106216303392499,-0.49284649190886864,Tobacco,GFP,Tech1,pCH1-5
pCH5,Rep4,TG2,0.6894647546330974,-0.5364512916842964,Tobacco,GFP,Tech2,pCH1-5
pCH5,Rep5,TG,0.7165784991058333,-0.480803338666022,Tobacco,GFP,Tech1,pCH1-5
pCH5,Rep5,TG2,0.6738731268713612,-0.569451100606695,Tobacco,GFP,Tech2,pCH1-5
pCH5,Rep6,TG,0.951361605752616,-0.07193429147894359,Tobacco,GFP,Tech1,pCH1-5
pCH5,Rep6,TG2,0.8812104391949863,-0.1824415089660989,Tobacco,GFP,Tech2,pCH1-5
pCL1,Rep1,TG,0.009812603443263132,-6.671148326975952,Tobacco,GFP,Tech1,pCL1-5
pCL1,Rep1,TG2,0.017727650372038436,-5.817854856089757,Tobacco,GFP,Tech2,pCL1-5
pCL1,Rep2,TG,0.011476854110157827,-6.4451289468590245,Tobacco,GFP,Tech1,pCL1-5
pCL1,Rep2,TG2,0.012264377176027425,-6.3493822186490165,Tobacco,GFP,Tech2,pCL1-5
pCL1,Rep3,TG,0.012529401608660878,-6.31853867510156,Tobacco,GFP,Tech1,pCL1-5
pCL1,Rep3,TG2,0.018557754959298782,-5.751834000052412,Tobacco,GFP,Tech2,pCL1-5
pCL1,Rep4,TG,0.011449729209310151,-6.448542711365611,Tobacco,GFP,Tech1,pCL1-5
pCL1,Rep4,TG2,0.026916938002238423,-5.2153418875619835,Tobacco,GFP,Tech2,pCL1-5
pCL1,Rep5,TG,0.013358806470132701,-6.226065072422277,Tobacco,GFP,Tech1,pCL1-5
pCL1,Rep5,TG2,0.036247173378969745,-4.785987694264857,Tobacco,GFP,Tech2,pCL1-5
pCL1,Rep6,TG,0.012260648178699474,-6.349820938358062,Tobacco,GFP,Tech1,pCL1-5
pCL1,Rep6,TG2,0.04438206400555167,-4.493879427572554,Tobacco,GFP,Tech2,pCL1-5
pCL2,Rep1,TG,0.050088437188137575,-4.319378591077638,Tobacco,GFP,Tech1,pCL1-5
pCL2,Rep1,TG2,0.05223872020659905,-4.258736636960243,Tobacco,GFP,Tech2,pCL1-5
pCL2,Rep2,TG,0.04546898951026965,-4.458973247375182,Tobacco,GFP,Tech1,pCL1-5
pCL2,Rep2,TG2,0.05224687764851867,-4.258511367616538,Tobacco,GFP,Tech2,pCL1-5
pCL2,Rep3,TG,0.07513358381440222,-3.734398270419677,Tobacco,GFP,Tech1,pCL1-5
pCL2,Rep3,TG2,0.06658224608502657,-3.9087186506111693,Tobacco,GFP,Tech2,pCL1-5
pCL2,Rep4,TG,0.04277345244109686,-4.547140531341595,Tobacco,GFP,Tech1,pCL1-5
pCL2,Rep4,TG2,0.054712229567268844,-4.191992841875435,Tobacco,GFP,Tech2,pCL1-5
pCL2,Rep5,TG,0.07845830061514786,-3.6719301023924724,Tobacco,GFP,Tech1,pCL1-5
pCL2,Rep5,TG2,0.07462105914600065,-3.7442733523506866,Tobacco,GFP,Tech2,pCL1-5
pCL2,Rep6,TG,0.0665063734764148,-3.910363585368215,Tobacco,GFP,Tech1,pCL1-5
pCL2,Rep6,TG2,0.06969918308342862,-3.8427144428401805,Tobacco,GFP,Tech2,pCL1-5
pCL3,Rep1,TG,0.10457394666695176,-3.2574046285431715,Tobacco,GFP,Tech1,pCL1-5
pCL3,Rep1,TG2,0.09191442192474956,-3.443564942983992,Tobacco,GFP,Tech2,pCL1-5
pCL3,Rep2,TG,0.14068856269555027,-2.8294230457237197,Tobacco,GFP,Tech1,pCL1-5
pCL3,Rep2,TG2,0.10779912808810191,-3.2135825857028677,Tobacco,GFP,Tech2,pCL1-5
pCL3,Rep3,TG,0.11839531481291905,-3.078316103700114,Tobacco,GFP,Tech1,pCL1-5
pCL3,Rep3,TG2,0.09036152336468166,-3.4681475970854923,Tobacco,GFP,Tech2,pCL1-5
pCL3,Rep4,TG,0.11289574606555289,-3.146936968791983,Tobacco,GFP,Tech1,pCL1-5
pCL3,Rep4,TG2,0.0838481020997314,-3.576078060991587,Tobacco,GFP,Tech2,pCL1-5
pCL3,Rep5,TG,0.11629519601157723,-3.104136592516648,Tobacco,GFP,Tech1,pCL1-5
pCL3,Rep5,TG2,0.11693951486297209,-3.096165583631668,Tobacco,GFP,Tech2,pCL1-5
pCL3,Rep6,TG,0.11935264585883751,-3.0666975458525645,Tobacco,GFP,Tech1,pCL1-5
pCL3,Rep6,TG2,0.11084778209853713,-3.1733481906041328,Tobacco,GFP,Tech2,pCL1-5
pCL4,Rep1,TG,0.04271464348672301,-4.549125448640262,Tobacco,GFP,Tech1,pCL1-5
pCL4,Rep1,TG2,0.03959392346273058,-4.658577154996624,Tobacco,GFP,Tech2,pCL1-5
pCL4,Rep2,TG,0.05322798600590119,-4.231671209914997,Tobacco,GFP,Tech1,pCL1-5
pCL4,Rep2,TG2,0.048235821123557586,-4.373751263993293,Tobacco,GFP,Tech2,pCL1-5
pCL4,Rep3,TG,0.04705662377010623,-4.409458376328082,Tobacco,GFP,Tech1,pCL1-5
pCL4,Rep3,TG2,0.04431695358022651,-4.495997478192629,Tobacco,GFP,Tech2,pCL1-5
pCL4,Rep4,TG,0.03427196761008932,-4.866827168042219,Tobacco,GFP,Tech1,pCL1-5
pCL4,Rep4,TG2,0.03859282832217112,-4.695523412367495,Tobacco,GFP,Tech2,pCL1-5
pCL4,Rep5,TG,0.03894588655001171,-4.682385230352618,Tobacco,GFP,Tech1,pCL1-5
pCL4,Rep5,TG2,0.044162308980031824,-4.501040585888784,Tobacco,GFP,Tech2,pCL1-5
pCL4,Rep6,TG,0.03625418816321081,-4.78570852172923,Tobacco,GFP,Tech1,pCL1-5
pCL4,Rep6,TG2,0.04802558927271632,-4.380052873945141,Tobacco,GFP,Tech2,pCL1-5
pCL5,Rep1,TG,0.10114979991507839,-3.30543462879057,Tobacco,GFP,Tech1,pCL1-5
pCL5,Rep1,TG2,0.08256313247800194,-3.598358481552951,Tobacco,GFP,Tech2,pCL1-5
pCL5,Rep2,TG,0.07167178740301183,-3.8024508558354846,Tobacco,GFP,Tech1,pCL1-5
pCL5,Rep2,TG2,0.06744460690144737,-3.890153104757001,Tobacco,GFP,Tech2,pCL1-5
pCL5,Rep3,TG,0.12039670281955325,-3.0541322118513254,Tobacco,GFP,Tech1,pCL1-5
pCL5,Rep3,TG2,0.08344232266476777,-3.583076873116655,Tobacco,GFP,Tech2,pCL1-5
pCL5,Rep4,TG,0.08937924422505249,-3.483916344162172,Tobacco,GFP,Tech1,pCL1-5
pCL5,Rep4,TG2,0.08176915170226338,-3.6122995162904186,Tobacco,GFP,Tech2,pCL1-5
pCL5,Rep5,TG,0.07141281501867011,-3.807673200885392,Tobacco,GFP,Tech1,pCL1-5
pCL5,Rep5,TG2,0.08081120928426853,-3.629300767376884,Tobacco,GFP,Tech2,pCL1-5
pCL5,Rep6,TG,0.12473884805169597,-3.003017253911473,Tobacco,GFP,Tech1,pCL1-5
pCL5,Rep6,TG2,0.11660469409952087,-3.1003022272941787,Tobacco,GFP,Tech2,pCL1-5
pCM1,Rep1,TG,0.28676240878661236,-1.8020721789773042,Tobacco,GFP,Tech1,pCM1-5
pCM1,Rep1,TG2,0.2631446148074111,-1.9260722241689274,Tobacco,GFP,Tech2,pCM1-5
pCM1,Rep2,TG,0.30862943507338003,-1.6960524315228775,Tobacco,GFP,Tech1,pCM1-5
pCM1,Rep2,TG2,0.2988665355228237,-1.7424267292801896,Tobacco,GFP,Tech2,pCM1-5
pCM1,Rep3,TG,0.31838266623746286,-1.651166301763273,Tobacco,GFP,Tech1,pCM1-5
pCM1,Rep3,TG2,0.2875933844617901,-1.7978976051808766,Tobacco,GFP,Tech2,pCM1-5
pCM1,Rep4,TG,0.2573659692607989,-1.9581067920064787,Tobacco,GFP,Tech1,pCM1-5
pCM1,Rep4,TG2,0.24607860632481787,-2.022808857207948,Tobacco,GFP,Tech2,pCM1-5
pCM1,Rep5,TG,0.2906155756052301,-1.7828160682887741,Tobacco,GFP,Tech1,pCM1-5
pCM1,Rep5,TG2,0.2822601498648472,-1.8249026347167248,Tobacco,GFP,Tech2,pCM1-5
pCM1,Rep6,TG,0.3177244534598994,-1.6541519644592297,Tobacco,GFP,Tech1,pCM1-5
pCM1,Rep6,TG2,0.29694051545586414,-1.7517541424875913,Tobacco,GFP,Tech2,pCM1-5
pCM2,Rep1,TG,0.23342028706045553,-2.098998140656145,Tobacco,GFP,Tech1,pCM1-5
pCM2,Rep1,TG2,0.16575525999630675,-2.5928734420446453,Tobacco,GFP,Tech2,pCM1-5
pCM2,Rep2,TG,0.3562262529152583,-1.489134251791523,Tobacco,GFP,Tech1,pCM1-5
pCM2,Rep2,TG2,0.2951714482480253,-1.7603749177408525,Tobacco,GFP,Tech2,pCM1-5
pCM2,Rep3,TG,0.29532432769800815,-1.7596278897746704,Tobacco,GFP,Tech1,pCM1-5
pCM2,Rep3,TG2,0.19549641207952576,-2.3547859647080585,Tobacco,GFP,Tech2,pCM1-5
pCM2,Rep4,TG,0.24611983514161578,-2.0225671635955185,Tobacco,GFP,Tech1,pCM1-5
pCM2,Rep4,TG2,0.22832468725180174,-2.130841237732955,Tobacco,GFP,Tech2,pCM1-5
pCM2,Rep5,TG,0.33484145012519867,-1.5784499642852696,Tobacco,GFP,Tech1,pCM1-5
pCM2,Rep5,TG2,0.1925671657798671,-2.3765663616166184,Tobacco,GFP,Tech2,pCM1-5
pCM2,Rep6,TG,0.35974897572403763,-1.474937515551963,Tobacco,GFP,Tech1,pCM1-5
pCM2,Rep6,TG2,0.22258319876340893,-2.1675833969761586,Tobacco,GFP,Tech2,pCM1-5
pCM3,Rep1,TG,0.22702094123947125,-2.1391027117814447,Tobacco,GFP,Tech1,pCM1-5
pCM3,Rep1,TG2,0.23840299328236245,-2.068525745133805,Tobacco,GFP,Tech2,pCM1-5
pCM3,Rep2,TG,0.22425031006606264,-2.1568181149581584,Tobacco,GFP,Tech1,pCM1-5
pCM3,Rep2,TG2,0.2599899746270379,-1.9434721017671468,Tobacco,GFP,Tech2,pCM1-5
pCM3,Rep3,TG,0.23862136680578744,-2.067204863234793,Tobacco,GFP,Tech1,pCM1-5
pCM3,Rep3,TG2,0.27617355740799987,-1.8563529013688125,Tobacco,GFP,Tech2,pCM1-5
pCM3,Rep4,TG,0.24591927039659925,-2.0237433049866453,Tobacco,GFP,Tech1,pCM1-5
pCM3,Rep4,TG2,0.24887836294924118,-2.006487284506974,Tobacco,GFP,Tech2,pCM1-5
pCM3,Rep5,TG,0.3300631698620862,-1.5991859306429743,Tobacco,GFP,Tech1,pCM1-5
pCM3,Rep5,TG2,0.31097116975572436,-1.6851472610859757,Tobacco,GFP,Tech2,pCM1-5
pCM3,Rep6,TG,0.2657118371169079,-1.9120655954388115,Tobacco,GFP,Tech1,pCM1-5
pCM3,Rep6,TG2,0.2983810805307647,-1.7447720334556476,Tobacco,GFP,Tech2,pCM1-5
pCM4,Rep1,TG,0.4406949866368136,-1.1821476103331594,Tobacco,GFP,Tech1,pCM1-5
pCM4,Rep1,TG2,0.2558208726217585,-1.9667941152674857,Tobacco,GFP,Tech2,pCM1-5
pCM4,Rep2,TG,0.41244701026848457,-1.2777193159738802,Tobacco,GFP,Tech1,pCM1-5
pCM4,Rep2,TG2,0.2763869856812129,-1.8552384101858514,Tobacco,GFP,Tech2,pCM1-5
pCM4,Rep3,TG,0.7882795554835047,-0.3432207370512333,Tobacco,GFP,Tech1,pCM1-5
pCM4,Rep3,TG2,0.4015646043852376,-1.3162959852808676,Tobacco,GFP,Tech2,pCM1-5
pCM4,Rep4,TG,0.27616293643090467,-1.8564083850500737,Tobacco,GFP,Tech1,pCM1-5
pCM4,Rep4,TG2,0.23715102773265037,-2.076121974302158,Tobacco,GFP,Tech2,pCM1-5
pCM4,Rep5,TG,0.3540636984768582,-1.497919160540423,Tobacco,GFP,Tech1,pCM1-5
pCM4,Rep5,TG2,0.2731940139177542,-1.8720022224811173,Tobacco,GFP,Tech2,pCM1-5
pCM4,Rep6,TG,0.6117836300802125,-0.7089065906686904,Tobacco,GFP,Tech1,pCM1-5
pCM4,Rep6,TG2,0.37283291284314835,-1.423398871430374,Tobacco,GFP,Tech2,pCM1-5
pCM5,Rep1,TG,0.12093198964351595,-3.0477321696103767,Tobacco,GFP,Tech1,pCM1-5
pCM5,Rep1,TG2,0.10005111704961238,-3.3211908201680482,Tobacco,GFP,Tech2,pCM1-5
pCM5,Rep2,TG,0.11208498757630694,-3.157335035295186,Tobacco,GFP,Tech1,pCM1-5
pCM5,Rep2,TG2,0.05814015216071619,-4.104321342565738,Tobacco,GFP,Tech2,pCM1-5
pCM5,Rep3,TG,0.1728656308920561,-2.532277033717567,Tobacco,GFP,Tech1,pCM1-5
pCM5,Rep3,TG2,0.0884627915791796,-3.498785420363247,Tobacco,GFP,Tech2,pCM1-5
pCM5,Rep4,TG,0.14721376347558834,-2.7640155351111546,Tobacco,GFP,Tech1,pCM1-5
pCM5,Rep4,TG2,0.07963718771081137,-3.6504139148150534,Tobacco,GFP,Tech2,pCM1-5
pCM5,Rep5,TG,0.11203537766700442,-3.157973727555222,Tobacco,GFP,Tech1,pCM1-5
pCM5,Rep5,TG2,0.11125722881467386,-3.168029018257598,Tobacco,GFP,Tech2,pCM1-5
pCM5,Rep6,TG,0.1687332588788695,-2.5671837247567773,Tobacco,GFP,Tech1,pCM1-5
pCM5,Rep6,TG2,0.14565335210110195,-2.7793891904981036,Tobacco,GFP,Tech2,pCM1-5
35s,Rep1,TR,2.957453530328363,1.5643555000641263,Tobacco,DSRed,Tech1,35s
35s,Rep1,TR2,2.8764838048316004,1.5243063475887741,Tobacco,DSRed,Tech2,35s
35s,Rep2,TR,3.038258884009286,1.6032448042585978,Tobacco,DSRed,Tech1,35s
35s,Rep2,TR2,2.9228674197200455,1.5473843904678173,Tobacco,DSRed,Tech2,35s
35s,Rep3,TR,2.916688385583185,1.5443312591917504,Tobacco,DSRed,Tech1,35s
35s,Rep3,TR2,2.90103616059023,1.5365682784311412,Tobacco,DSRed,Tech2,35s
35s,Rep4,TR,3.193027400785227,1.6749249333675575,Tobacco,DSRed,Tech1,35s
35s,Rep4,TR2,3.0446406123759275,1.6062719432899852,Tobacco,DSRed,Tech2,35s
35s,Rep5,TR,2.610640877518685,1.3844040126654198,Tobacco,DSRed,Tech1,35s
35s,Rep5,TR2,2.604542580703799,1.3810300233693025,Tobacco,DSRed,Tech2,35s
35s,Rep6,TR,2.628480727748219,1.3942291569816925,Tobacco,DSRed,Tech1,35s
35s,Rep6,TR2,2.608875198518778,1.3834279312061324,Tobacco,DSRed,Tech2,35s
PNOS,Rep1,TR,0.22861645793719146,-2.1289988290003268,Tobacco,DSRed,Tech1,PNOS
PNOS,Rep1,TR2,0.22957794423763578,-2.1229440472440255,Tobacco,DSRed,Tech2,PNOS
PNOS,Rep2,TR,0.14619752354790624,-2.7740092213221432,Tobacco,DSRed,Tech1,PNOS
PNOS,Rep2,TR2,0.14342138970243484,-2.801667892908981,Tobacco,DSRed,Tech2,PNOS
PNOS,Rep3,TR,0.19514398711447944,-2.357389084551012,Tobacco,DSRed,Tech1,PNOS
PNOS,Rep3,TR2,0.19720921143359127,-2.3422011548389188,Tobacco,DSRed,Tech2,PNOS
PNOS,Rep4,TR,0.1704787006290509,-2.5523365926839565,Tobacco,DSRed,Tech1,PNOS
PNOS,Rep4,TR2,0.17970491478004708,-2.4762982289897577,Tobacco,DSRed,Tech2,PNOS
PNOS,Rep5,TR,0.2051633010669578,-2.285155405383769,Tobacco,DSRed,Tech1,PNOS
PNOS,Rep5,TR2,0.20402833068529425,-2.2931586010173746,Tobacco,DSRed,Tech2,PNOS
PNOS,Rep6,TR,0.21318304426057175,-2.229835398506812,Tobacco,DSRed,Tech1,PNOS
PNOS,Rep6,TR2,0.2109980070465063,-2.244698722673863,Tobacco,DSRed,Tech2,PNOS
pCH1,Rep1,TR,0.25817340544738115,-1.9535876992200016,Tobacco,DSRed,Tech1,pCH1-5
pCH1,Rep1,TR2,0.22440668000184055,-2.1558124730311654,Tobacco,DSRed,Tech2,pCH1-5
pCH1,Rep2,TR,0.21229985440107843,-2.2358247130690088,Tobacco,DSRed,Tech1,pCH1-5
pCH1,Rep2,TR2,0.21929848973053917,-2.1890322184242565,Tobacco,DSRed,Tech2,pCH1-5
pCH1,Rep3,TR,0.2163622162706609,-2.20847951419903,Tobacco,DSRed,Tech1,pCH1-5
pCH1,Rep3,TR2,0.21471306405799928,-2.2195181213045645,Tobacco,DSRed,Tech2,pCH1-5
pCH1,Rep4,TR,0.2321629990566841,-2.106790033670122,Tobacco,DSRed,Tech1,pCH1-5
pCH1,Rep4,TR2,0.21515644434657324,-2.216542042481192,Tobacco,DSRed,Tech2,pCH1-5
pCH1,Rep5,TR,0.2509698422982622,-1.9944140812321147,Tobacco,DSRed,Tech1,pCH1-5
pCH1,Rep5,TR2,0.24623025562022358,-2.021920050565339,Tobacco,DSRed,Tech2,pCH1-5
pCH1,Rep6,TR,0.33392100067342423,-1.5824212658928622,Tobacco,DSRed,Tech1,pCH1-5
pCH1,Rep6,TR2,0.28052209859815735,-1.8338136688583622,Tobacco,DSRed,Tech2,pCH1-5
pCH2,Rep1,TR,0.30193072788666986,-1.7277105055951865,Tobacco,DSRed,Tech1,pCH1-5
pCH2,Rep1,TR2,0.2957821549514985,-1.7573930801095465,Tobacco,DSRed,Tech2,pCH1-5
pCH2,Rep2,TR,0.2621744025289075,-1.9314012603854722,Tobacco,DSRed,Tech1,pCH1-5
pCH2,Rep2,TR2,0.2465875114807846,-2.01982835914083,Tobacco,DSRed,Tech2,pCH1-5
pCH2,Rep3,TR,0.3048370708868736,-1.713889736896742,Tobacco,DSRed,Tech1,pCH1-5
pCH2,Rep3,TR2,0.33861383864182093,-1.562287159657489,Tobacco,DSRed,Tech2,pCH1-5
pCH2,Rep4,TR,0.3284910126192076,-1.6060741953506283,Tobacco,DSRed,Tech1,pCH1-5
pCH2,Rep4,TR2,0.31508365884217665,-1.6661931609656948,Tobacco,DSRed,Tech2,pCH1-5
pCH2,Rep5,TR,0.33519660840576526,-1.5769205432872622,Tobacco,DSRed,Tech1,pCH1-5
pCH2,Rep5,TR2,0.3381633209724499,-1.564207909181042,Tobacco,DSRed,Tech2,pCH1-5
pCH2,Rep6,TR,0.4270350292681304,-1.2275736773164703,Tobacco,DSRed,Tech1,pCH1-5
pCH2,Rep6,TR2,0.4083084357902048,-1.2922687204495187,Tobacco,DSRed,Tech2,pCH1-5
pCH3,Rep1,TR,0.30018470668175934,-1.7360776161179845,Tobacco,DSRed,Tech1,pCH1-5
pCH3,Rep1,TR2,0.32549527890619356,-1.619291476682372,Tobacco,DSRed,Tech2,pCH1-5
pCH3,Rep2,TR,0.2434839470558645,-2.0381014366098658,Tobacco,DSRed,Tech1,pCH1-5
pCH3,Rep2,TR2,0.23044635081277784,-2.1174971725414715,Tobacco,DSRed,Tech2,pCH1-5
pCH3,Rep3,TR,0.3063180134177054,-1.7068978859516233,Tobacco,DSRed,Tech1,pCH1-5
pCH3,Rep3,TR2,0.28013056735070085,-1.8358286785611284,Tobacco,DSRed,Tech2,pCH1-5
pCH3,Rep4,TR,0.27800689820293256,-1.8468074138101949,Tobacco,DSRed,Tech1,pCH1-5
pCH3,Rep4,TR2,0.2647096196179306,-1.9175174711801846,Tobacco,DSRed,Tech2,pCH1-5
pCH3,Rep5,TR,0.24786088700211864,-2.0123974659802157,Tobacco,DSRed,Tech1,pCH1-5
pCH3,Rep5,TR2,0.2700745733556225,-1.8885702737020276,Tobacco,DSRed,Tech2,pCH1-5
pCH3,Rep6,TR,0.3009221740784907,-1.732537676303833,Tobacco,DSRed,Tech1,pCH1-5
pCH3,Rep6,TR2,0.2867808658412239,-1.8019793249509573,Tobacco,DSRed,Tech2,pCH1-5
pCH4,Rep1,TR,0.06437265399800939,-3.957408239323323,Tobacco,DSRed,Tech1,pCH1-5
pCH4,Rep1,TR2,0.06276897057207598,-3.993804641244671,Tobacco,DSRed,Tech2,pCH1-5
pCH4,Rep2,TR,0.0511859092533955,-4.288109478144858,Tobacco,DSRed,Tech1,pCH1-5
pCH4,Rep2,TR2,0.049430957432937295,-4.338441339328327,Tobacco,DSRed,Tech2,pCH1-5
pCH4,Rep3,TR,0.04796430747962444,-4.381894962623079,Tobacco,DSRed,Tech1,pCH1-5
pCH4,Rep3,TR2,0.05405817978993746,-4.209343254525141,Tobacco,DSRed,Tech2,pCH1-5
pCH4,Rep4,TR,0.06820336195797774,-3.8740133338015608,Tobacco,DSRed,Tech1,pCH1-5
pCH4,Rep4,TR2,0.05673140421476323,-4.139708615760552,Tobacco,DSRed,Tech2,pCH1-5
pCH4,Rep5,TR,0.0740478807762934,-3.755397743082781,Tobacco,DSRed,Tech1,pCH1-5
pCH4,Rep5,TR2,0.06585353534215775,-3.92459529623768,Tobacco,DSRed,Tech2,pCH1-5
pCH4,Rep6,TR,0.0545823120823291,-4.1954226819515785,Tobacco,DSRed,Tech1,pCH1-5
pCH4,Rep6,TR2,0.05186751088769484,-4.269025053081739,Tobacco,DSRed,Tech2,pCH1-5
pCH5,Rep1,TR,0.3361778495569593,-1.572703425004215,Tobacco,DSRed,Tech1,pCH1-5
pCH5,Rep1,TR2,0.3077157674605142,-1.7003297251376368,Tobacco,DSRed,Tech2,pCH1-5
pCH5,Rep2,TR,0.25395494336207686,-1.9773555378669243,Tobacco,DSRed,Tech1,pCH1-5
pCH5,Rep2,TR2,0.2635271804661846,-1.9239763242906676,Tobacco,DSRed,Tech2,pCH1-5
pCH5,Rep3,TR,0.36404489292059977,-1.457811724682256,Tobacco,DSRed,Tech1,pCH1-5
pCH5,Rep3,TR2,0.35053658522861075,-1.5123630698428538,Tobacco,DSRed,Tech2,pCH1-5
pCH5,Rep4,TR,0.32753461206824397,-1.6102807240519108,Tobacco,DSRed,Tech1,pCH1-5
pCH5,Rep4,TR2,0.3308413793318896,-1.5957884068610426,Tobacco,DSRed,Tech2,pCH1-5
pCH5,Rep5,TR,0.36068853158083414,-1.4711745428306153,Tobacco,DSRed,Tech1,pCH1-5
pCH5,Rep5,TR2,0.345352663364767,-1.5338577451097535,Tobacco,DSRed,Tech2,pCH1-5
pCH5,Rep6,TR,0.5240451318409448,-0.9322370299199239,Tobacco,DSRed,Tech1,pCH1-5
pCH5,Rep6,TR2,0.5025624333235287,-0.992625261479035,Tobacco,DSRed,Tech2,pCH1-5
pCL1,Rep1,TR,0.04719136715719284,-4.4053332221073145,Tobacco,DSRed,Tech1,pCL1-5
pCL1,Rep1,TR2,0.03809306427529856,-4.714327844195257,Tobacco,DSRed,Tech2,pCL1-5
pCL1,Rep2,TR,0.039390199023542745,-4.666019483420566,Tobacco,DSRed,Tech1,pCL1-5
pCL1,Rep2,TR2,0.03055749523793369,-5.032329897576103,Tobacco,DSRed,Tech2,pCL1-5
pCL1,Rep3,TR,0.05031768515378523,-4.312790636674618,Tobacco,DSRed,Tech1,pCL1-5
pCL1,Rep3,TR2,0.040715707468833684,-4.618270719222109,Tobacco,DSRed,Tech2,pCL1-5
pCL1,Rep4,TR,0.04281365562827767,-4.545785164993835,Tobacco,DSRed,Tech1,pCL1-5
pCL1,Rep4,TR2,0.04850415005808868,-4.365747998926946,Tobacco,DSRed,Tech2,pCL1-5
pCL1,Rep5,TR,0.06441395169306084,-3.9564829881052583,Tobacco,DSRed,Tech1,pCL1-5
pCL1,Rep5,TR2,0.05071185667409894,-4.3015330941223064,Tobacco,DSRed,Tech2,pCL1-5
pCL1,Rep6,TR,0.05552223752873173,-4.170790480530036,Tobacco,DSRed,Tech1,pCL1-5
pCL1,Rep6,TR2,0.05165024951977072,-4.275080871080008,Tobacco,DSRed,Tech2,pCL1-5
pCL2,Rep1,TR,0.06019554788513354,-4.05419940181899,Tobacco,DSRed,Tech1,pCL1-5
pCL2,Rep1,TR2,0.061240334540348655,-4.029374025839968,Tobacco,DSRed,Tech2,pCL1-5
pCL2,Rep2,TR,0.05404933847617037,-4.209579229224398,Tobacco,DSRed,Tech1,pCL1-5
pCL2,Rep2,TR2,0.04547720067312085,-4.458712737200238,Tobacco,DSRed,Tech2,pCL1-5
pCL2,Rep3,TR,0.0753722225554539,-3.7298232546764383,Tobacco,DSRed,Tech1,pCL1-5
pCL2,Rep3,TR2,0.07481713298864454,-3.740487507263615,Tobacco,DSRed,Tech2,pCL1-5
pCL2,Rep4,TR,0.06949066951451378,-3.8470369090436773,Tobacco,DSRed,Tech1,pCL1-5
pCL2,Rep4,TR2,0.06877577274213263,-3.8619557454916222,Tobacco,DSRed,Tech2,pCL1-5
pCL2,Rep5,TR,0.11325807255109777,-3.142314211817799,Tobacco,DSRed,Tech1,pCL1-5
pCL2,Rep5,TR2,0.09974326332633877,-3.3256367849699258,Tobacco,DSRed,Tech2,pCL1-5
pCL2,Rep6,TR,0.06077669211471374,-4.040338034157127,Tobacco,DSRed,Tech1,pCL1-5
pCL2,Rep6,TR2,0.0839454236090886,-3.574404512812981,Tobacco,DSRed,Tech2,pCL1-5
pCL3,Rep1,TR,0.05464438239262518,-4.193782999657421,Tobacco,DSRed,Tech1,pCL1-5
pCL3,Rep1,TR2,0.057259337464676895,-4.1263452124509925,Tobacco,DSRed,Tech2,pCL1-5
pCL3,Rep2,TR,0.05448028137434349,-4.198122035317514,Tobacco,DSRed,Tech1,pCL1-5
pCL3,Rep2,TR2,0.05839643722548001,-4.097975837003757,Tobacco,DSRed,Tech2,pCL1-5
pCL3,Rep3,TR,0.051802468700772,-4.270835337085011,Tobacco,DSRed,Tech1,pCL1-5
pCL3,Rep3,TR2,0.05526744793239943,-4.1774261945607725,Tobacco,DSRed,Tech2,pCL1-5
pCL3,Rep4,TR,0.06227817216593618,-4.005129587134212,Tobacco,DSRed,Tech1,pCL1-5
pCL3,Rep4,TR2,0.05730894145619019,-4.125095941052132,Tobacco,DSRed,Tech2,pCL1-5
pCL3,Rep5,TR,0.07808467607579948,-3.678816738956826,Tobacco,DSRed,Tech1,pCL1-5
pCL3,Rep5,TR2,0.07245231196529675,-3.786824462619846,Tobacco,DSRed,Tech2,pCL1-5
pCL3,Rep6,TR,0.05955324560224335,-4.069676053865604,Tobacco,DSRed,Tech1,pCL1-5
pCL3,Rep6,TR2,0.06681282669988702,-3.9037310924659443,Tobacco,DSRed,Tech2,pCL1-5
pCL4,Rep1,TR,0.07247036649545713,-3.786464999469712,Tobacco,DSRed,Tech1,pCL1-5
pCL4,Rep1,TR2,0.06641773151971817,-3.912287740965146,Tobacco,DSRed,Tech2,pCL1-5
pCL4,Rep2,TR,0.05591804331552818,-4.160542310970762,Tobacco,DSRed,Tech1,pCL1-5
pCL4,Rep2,TR2,0.048186439258418756,-4.375228992847443,Tobacco,DSRed,Tech2,pCL1-5
pCL4,Rep3,TR,0.06354377632368882,-3.9761053596923275,Tobacco,DSRed,Tech1,pCL1-5
pCL4,Rep3,TR2,0.05738786847404003,-4.123110399600949,Tobacco,DSRed,Tech2,pCL1-5
pCL4,Rep4,TR,0.06280726445599222,-3.992924755044508,Tobacco,DSRed,Tech1,pCL1-5
pCL4,Rep4,TR2,0.06804259579214668,-3.877418009604959,Tobacco,DSRed,Tech2,pCL1-5
pCL4,Rep5,TR,0.08374199335670922,-3.577904930024529,Tobacco,DSRed,Tech1,pCL1-5
pCL4,Rep5,TR2,0.07593414827331378,-3.7191073651969178,Tobacco,DSRed,Tech2,pCL1-5
pCL4,Rep6,TR,0.08884612276848594,-3.4925473711429347,Tobacco,DSRed,Tech1,pCL1-5
pCL4,Rep6,TR2,0.08037577768270496,-3.6370953983474648,Tobacco,DSRed,Tech2,pCL1-5
pCL5,Rep1,TR,0.02928542132944483,-5.093673539120088,Tobacco,DSRed,Tech1,pCL1-5
pCL5,Rep1,TR2,0.04158607785991607,-4.587755564393134,Tobacco,DSRed,Tech2,pCL1-5
pCL5,Rep2,TR,0.03326112234795058,-4.91001933869304,Tobacco,DSRed,Tech1,pCL1-5
pCL5,Rep2,TR2,0.025877911105320717,-5.272135023743517,Tobacco,DSRed,Tech2,pCL1-5
pCL5,Rep3,TR,0.03397019110088219,-4.879586855587061,Tobacco,DSRed,Tech1,pCL1-5
pCL5,Rep3,TR2,0.036591319726418076,-4.7723547399784705,Tobacco,DSRed,Tech2,pCL1-5
pCL5,Rep4,TR,0.03716021420946313,-4.7500973716375965,Tobacco,DSRed,Tech1,pCL1-5
pCL5,Rep4,TR2,0.03295590577456191,-4.923319167084498,Tobacco,DSRed,Tech2,pCL1-5
pCL5,Rep5,TR,0.045665427078843926,-4.452753863841915,Tobacco,DSRed,Tech1,pCL1-5
pCL5,Rep5,TR2,0.042253171691441174,-4.5647965498764504,Tobacco,DSRed,Tech2,pCL1-5
pCL5,Rep6,TR,0.06479635357549306,-3.9479435622600887,Tobacco,DSRed,Tech1,pCL1-5
pCL5,Rep6,TR2,0.049736869192658406,-4.329540493285108,Tobacco,DSRed,Tech2,pCL1-5
pCM1,Rep1,TR,0.13668821653392205,-2.8710392168359307,Tobacco,DSRed,Tech1,pCM1-5
pCM1,Rep1,TR2,0.1397783220904609,-2.8387874611956057,Tobacco,DSRed,Tech2,pCM1-5
pCM1,Rep2,TR,0.15072261213711718,-2.7300322216087336,Tobacco,DSRed,Tech1,pCM1-5
pCM1,Rep2,TR2,0.1508318214010673,-2.7289872648587403,Tobacco,DSRed,Tech2,pCM1-5
pCM1,Rep3,TR,0.14151538408685696,-2.8209691984422696,Tobacco,DSRed,Tech1,pCM1-5
pCM1,Rep3,TR2,0.12103376149461642,-3.0465185618757915,Tobacco,DSRed,Tech2,pCM1-5
pCM1,Rep4,TR,0.1315301422252803,-2.926534640953103,Tobacco,DSRed,Tech1,pCM1-5
pCM1,Rep4,TR2,0.128262301000573,-2.962830900700229,Tobacco,DSRed,Tech2,pCM1-5
pCM1,Rep5,TR,0.1558740097758895,-2.6815476998425294,Tobacco,DSRed,Tech1,pCM1-5
pCM1,Rep5,TR2,0.156383571123129,-2.676839136616426,Tobacco,DSRed,Tech2,pCM1-5
pCM1,Rep6,TR,0.21351277237627198,-2.227605720157502,Tobacco,DSRed,Tech1,pCM1-5
pCM1,Rep6,TR2,0.19293158101169344,-2.3738387771107914,Tobacco,DSRed,Tech2,pCM1-5
pCM2,Rep1,TR,0.27379327366293654,-1.868841090849346,Tobacco,DSRed,Tech1,pCM1-5
pCM2,Rep1,TR2,0.27114498049059854,-1.8828636318488274,Tobacco,DSRed,Tech2,pCM1-5
pCM2,Rep2,TR,0.3195723853803655,-1.6457853461835525,Tobacco,DSRed,Tech1,pCM1-5
pCM2,Rep2,TR2,0.3071590037126753,-1.70294242143009,Tobacco,DSRed,Tech2,pCM1-5
pCM2,Rep3,TR,0.31839674281311997,-1.6511025176471164,Tobacco,DSRed,Tech1,pCM1-5
pCM2,Rep3,TR2,0.3079066383895087,-1.6994351230279117,Tobacco,DSRed,Tech2,pCM1-5
pCM2,Rep4,TR,0.30215562996697004,-1.726636271334778,Tobacco,DSRed,Tech1,pCM1-5
pCM2,Rep4,TR2,0.2856321359662205,-1.8077697913224262,Tobacco,DSRed,Tech2,pCM1-5
pCM2,Rep5,TR,0.3907874586496236,-1.3555439265429918,Tobacco,DSRed,Tech1,pCM1-5
pCM2,Rep5,TR2,0.3394483406897792,-1.5587360618061432,Tobacco,DSRed,Tech2,pCM1-5
pCM2,Rep6,TR,0.3066826703657325,-1.7051814479556542,Tobacco,DSRed,Tech1,pCM1-5
pCM2,Rep6,TR2,0.3000158418293166,-1.736889413082289,Tobacco,DSRed,Tech2,pCM1-5
pCM3,Rep1,TR,0.45386597862674877,-1.1396617456422147,Tobacco,DSRed,Tech1,pCM1-5
pCM3,Rep1,TR2,0.4710671325332397,-1.0859954196114938,Tobacco,DSRed,Tech2,pCM1-5
pCM3,Rep2,TR,0.45654015068026804,-1.131186350471721,Tobacco,DSRed,Tech1,pCM1-5
pCM3,Rep2,TR2,0.4817852981440881,-1.0535377250100917,Tobacco,DSRed,Tech2,pCM1-5
pCM3,Rep3,TR,0.4773687443679758,-1.0668239855717692,Tobacco,DSRed,Tech1,pCM1-5
pCM3,Rep3,TR2,0.4604194921968689,-1.1189791825716877,Tobacco,DSRed,Tech2,pCM1-5
pCM3,Rep4,TR,0.46594731649585736,-1.101761252726517,Tobacco,DSRed,Tech1,pCM1-5
pCM3,Rep4,TR2,0.4785710668326824,-1.063194916980402,Tobacco,DSRed,Tech2,pCM1-5
pCM3,Rep5,TR,0.6058210425788815,-0.7230364053361732,Tobacco,DSRed,Tech1,pCM1-5
pCM3,Rep5,TR2,0.6102398345360595,-0.7125517373046383,Tobacco,DSRed,Tech2,pCM1-5
pCM3,Rep6,TR,0.5077553053873533,-0.9777946859867379,Tobacco,DSRed,Tech1,pCM1-5
pCM3,Rep6,TR2,0.5537226262606249,-0.852764620288221,Tobacco,DSRed,Tech2,pCM1-5
pCM4,Rep1,TR,0.49927750752186345,-1.002086180243363,Tobacco,DSRed,Tech1,pCM1-5
pCM4,Rep1,TR2,0.4973415613167841,-1.0076910970863266,Tobacco,DSRed,Tech2,pCM1-5
pCM4,Rep2,TR,0.6328368456791637,-0.6600944945534363,Tobacco,DSRed,Tech1,pCM1-5
pCM4,Rep2,TR2,0.6103059814851776,-0.7123953648451969,Tobacco,DSRed,Tech2,pCM1-5
pCM4,Rep3,TR,0.5443651951420906,-0.8773532661077034,Tobacco,DSRed,Tech1,pCM1-5
pCM4,Rep3,TR2,0.5590436270812102,-0.8389672212683712,Tobacco,DSRed,Tech2,pCM1-5
pCM4,Rep4,TR,0.5418030007127929,-0.8841597111269159,Tobacco,DSRed,Tech1,pCM1-5
pCM4,Rep4,TR2,0.5546111086644507,-0.8504515815488976,Tobacco,DSRed,Tech2,pCM1-5
pCM4,Rep5,TR,0.6198671818484326,-0.6899689707036687,Tobacco,DSRed,Tech1,pCM1-5
pCM4,Rep5,TR2,0.5995392745999603,-0.7380738301308114,Tobacco,DSRed,Tech2,pCM1-5
pCM4,Rep6,TR,0.586199403935624,-0.7705365938328805,Tobacco,DSRed,Tech1,pCM1-5
pCM4,Rep6,TR2,0.5750061309673825,-0.7983507561015092,Tobacco,DSRed,Tech2,pCM1-5
pCM5,Rep1,TR,0.047605484152281594,-4.392728408183654,Tobacco,DSRed,Tech1,pCM1-5
pCM5,Rep1,TR2,0.05071326578538561,-4.3014930070548,Tobacco,DSRed,Tech2,pCM1-5
pCM5,Rep2,TR,0.041006828368955056,-4.607992025561602,Tobacco,DSRed,Tech1,pCM1-5
pCM5,Rep2,TR2,0.03417987798623588,-4.870708942818209,Tobacco,DSRed,Tech2,pCM1-5
pCM5,Rep3,TR,0.05382990926641335,-4.215448196165585,Tobacco,DSRed,Tech1,pCM1-5
pCM5,Rep3,TR2,0.051748397234888104,-4.27234201000502,Tobacco,DSRed,Tech2,pCM1-5
pCM5,Rep4,TR,0.041259065973018,-4.599145028059476,Tobacco,DSRed,Tech1,pCM1-5
pCM5,Rep4,TR2,0.04750857082651876,-4.395668382152605,Tobacco,DSRed,Tech2,pCM1-5
pCM5,Rep5,TR,0.05168909530262089,-4.273996238290563,Tobacco,DSRed,Tech1,pCM1-5
pCM5,Rep5,TR2,0.050634278636745154,-4.30374179149965,Tobacco,DSRed,Tech2,pCM1-5
pCM5,Rep6,TR,0.07325567970121066,-3.770915570047235,Tobacco,DSRed,Tech1,pCM1-5
pCM5,Rep6,TR2,0.07103223661326637,-3.815382277168565,Tobacco,DSRed,Tech2,pCM1-5
35s,Rep1,LG,2.1990524156543274,1.1368819920525153,Lettuce,GFP,Tech1,35s
35s,Rep1,LG2,2.2737644199712506,1.1850827873237306,Lettuce,GFP,Tech2,35s
35s,Rep2,LG,1.929559508843357,0.9482715381985788,Lettuce,GFP,Tech1,35s
35s,Rep2,LG2,2.0062216724246316,1.0044810217222784,Lettuce,GFP,Tech2,35s
35s,Rep3,LG,1.977361248991462,0.9835764646526038,Lettuce,GFP,Tech1,35s
35s,Rep3,LG2,1.8849339182981841,0.9145139466161591,Lettuce,GFP,Tech2,35s
35s,Rep4,LG,2.502171481984775,1.3231806654955025,Lettuce,GFP,Tech1,35s
35s,Rep4,LG2,2.531389908619366,1.3399297421017256,Lettuce,GFP,Tech2,35s
35s,Rep5,LG,1.856503554740602,0.8925880775959542,Lettuce,GFP,Tech1,35s
35s,Rep5,LG2,1.9761549653638508,0.9826960840662557,Lettuce,GFP,Tech2,35s
35s,Rep6,LG,1.9751323046411426,0.9819492957487844,Lettuce,GFP,Tech1,35s
35s,Rep6,LG2,1.7965651938643916,0.8452412888932634,Lettuce,GFP,Tech2,35s
PNOS,Rep1,LG,1.7526870431234853,0.8095684138721095,Lettuce,GFP,Tech1,PNOS
PNOS,Rep1,LG2,1.6669295737956797,0.7371931531053627,Lettuce,GFP,Tech2,PNOS
PNOS,Rep2,LG,1.6949148875538649,0.7612128282955595,Lettuce,GFP,Tech1,PNOS
PNOS,Rep2,LG2,1.6091419216216991,0.6862915731653961,Lettuce,GFP,Tech2,PNOS
PNOS,Rep3,LG,1.743836828678305,0.8022650530335282,Lettuce,GFP,Tech1,PNOS
PNOS,Rep3,LG2,1.687062509816005,0.7545134300159902,Lettuce,GFP,Tech2,PNOS
PNOS,Rep4,LG,1.287499039485536,0.364571356000733,Lettuce,GFP,Tech1,PNOS
PNOS,Rep4,LG2,1.2769184709216939,0.3526664143500727,Lettuce,GFP,Tech2,PNOS
PNOS,Rep5,LG,1.5591361958088341,0.640746957821301,Lettuce,GFP,Tech1,PNOS
PNOS,Rep5,LG2,1.523867952194382,0.6077378943220525,Lettuce,GFP,Tech2,PNOS
PNOS,Rep6,LG,1.707291449781064,0.7717093602183283,Lettuce,GFP,Tech1,PNOS
PNOS,Rep6,LG2,1.6859191411587366,0.7535353444373433,Lettuce,GFP,Tech2,PNOS
pCH1,Rep1,LG,0.5769666178178265,-0.7934402451706434,Lettuce,GFP,Tech1,pCH1-5
pCH1,Rep1,LG2,0.6005830929365092,-0.7355642328460755,Lettuce,GFP,Tech2,pCH1-5
pCH1,Rep2,LG,0.618006788700682,-0.6943054089081736,Lettuce,GFP,Tech1,pCH1-5
pCH1,Rep2,LG2,0.6069604071201696,-0.7203256843608842,Lettuce,GFP,Tech2,pCH1-5
pCH1,Rep3,LG,0.5825952124122247,-0.7794342489832876,Lettuce,GFP,Tech1,pCH1-5
pCH1,Rep3,LG2,0.5958749723612986,-0.7469184415094974,Lettuce,GFP,Tech2,pCH1-5
pCH1,Rep4,LG,0.4967181574870163,-1.0095006095624295,Lettuce,GFP,Tech1,pCH1-5
pCH1,Rep4,LG2,0.5246918060126379,-0.9304578349566466,Lettuce,GFP,Tech2,pCH1-5
pCH1,Rep5,LG,0.5871746826940402,-0.7681383302811278,Lettuce,GFP,Tech1,pCH1-5
pCH1,Rep5,LG2,0.6579553780499239,-0.6039383499070847,Lettuce,GFP,Tech2,pCH1-5
pCH1,Rep6,LG,0.6430104073183361,-0.6370860066886591,Lettuce,GFP,Tech1,pCH1-5
pCH1,Rep6,LG2,0.632292926614264,-0.6613350145429423,Lettuce,GFP,Tech2,pCH1-5
pCH2,Rep1,LG,0.4990174053810382,-1.0028379582447016,Lettuce,GFP,Tech1,pCH1-5
pCH2,Rep1,LG2,0.4986573263825814,-1.0038793481715365,Lettuce,GFP,Tech2,pCH1-5
pCH2,Rep2,LG,0.5860842337311117,-0.7708200670096849,Lettuce,GFP,Tech1,pCH1-5
pCH2,Rep2,LG2,0.49012819822825004,-1.0287689441123797,Lettuce,GFP,Tech2,pCH1-5
pCH2,Rep3,LG,0.5587082431539786,-0.8398329889866214,Lettuce,GFP,Tech1,pCH1-5
pCH2,Rep3,LG2,0.5567260603448277,-0.844960477553434,Lettuce,GFP,Tech2,pCH1-5
pCH2,Rep4,LG,0.3931501134746922,-1.346847824095572,Lettuce,GFP,Tech1,pCH1-5
pCH2,Rep4,LG2,0.4269749008991626,-1.2277768292865017,Lettuce,GFP,Tech2,pCH1-5
pCH2,Rep5,LG,0.5648745549777919,-0.8239975795816312,Lettuce,GFP,Tech1,pCH1-5
pCH2,Rep5,LG2,0.5472420527710637,-0.8697489966205235,Lettuce,GFP,Tech2,pCH1-5
pCH2,Rep6,LG,0.485912729048962,-1.041230868862961,Lettuce,GFP,Tech1,pCH1-5
pCH2,Rep6,LG2,0.42764716048478163,-1.2255071341446941,Lettuce,GFP,Tech2,pCH1-5
pCH3,Rep1,LG,0.6940412916910796,-0.526906597003379,Lettuce,GFP,Tech1,pCH1-5
pCH3,Rep1,LG2,0.5516740863625756,-0.8581118801481639,Lettuce,GFP,Tech2,pCH1-5
pCH3,Rep2,LG,0.7209666917956801,-0.4719954854784056,Lettuce,GFP,Tech1,pCH1-5
pCH3,Rep2,LG2,1.094369036953264,0.130099317659274,Lettuce,GFP,Tech2,pCH1-5
pCH3,Rep3,LG,0.5248023834663404,-0.9301538227071641,Lettuce,GFP,Tech1,pCH1-5
pCH3,Rep3,LG2,0.7388892484037762,-0.43656995886879035,Lettuce,GFP,Tech2,pCH1-5
pCH3,Rep4,LG,0.6353123690076068,-0.6544619873932022,Lettuce,GFP,Tech1,pCH1-5
pCH3,Rep4,LG2,0.401842537594346,-1.3152978042652326,Lettuce,GFP,Tech2,pCH1-5
pCH3,Rep5,LG,0.4754102385696932,-1.0727551209829858,Lettuce,GFP,Tech1,pCH1-5
pCH3,Rep5,LG2,0.3471329939461672,-1.5264395993828168,Lettuce,GFP,Tech2,pCH1-5
pCH3,Rep6,LG,0.9300533191361168,-0.10461466786212675,Lettuce,GFP,Tech1,pCH1-5
pCH3,Rep6,LG2,0.6470156839057708,-0.6281274107703053,Lettuce,GFP,Tech2,pCH1-5
pCH4,Rep1,LG,0.5367695064046502,-0.8976253797732132,Lettuce,GFP,Tech1,pCH1-5
pCH4,Rep1,LG2,0.43905451184508865,-1.1875280228117775,Lettuce,GFP,Tech2,pCH1-5
pCH4,Rep2,LG,0.449147536098402,-1.1547386752322029,Lettuce,GFP,Tech1,pCH1-5
pCH4,Rep2,LG2,0.36454711057312883,-1.4558228282133727,Lettuce,GFP,Tech2,pCH1-5
pCH4,Rep3,LG,0.4919243471784522,-1.0234916336778175,Lettuce,GFP,Tech1,pCH1-5
pCH4,Rep3,LG2,0.7797646254248156,-0.3588893875508746,Lettuce,GFP,Tech2,pCH1-5
pCH4,Rep4,LG,0.44877035228974776,-1.1559507264660467,Lettuce,GFP,Tech1,pCH1-5
pCH4,Rep4,LG2,0.3688272900011735,-1.4389826883262877,Lettuce,GFP,Tech2,pCH1-5
pCH4,Rep5,LG,0.3300206757923244,-1.5993716827537126,Lettuce,GFP,Tech1,pCH1-5
pCH4,Rep5,LG2,0.3618383655120863,-1.4665827106994238,Lettuce,GFP,Tech2,pCH1-5
pCH4,Rep6,LG,0.7025733152169791,-0.5092793129972006,Lettuce,GFP,Tech1,pCH1-5
pCH4,Rep6,LG2,0.4787007010249708,-1.0628041760983098,Lettuce,GFP,Tech2,pCH1-5
pCH5,Rep1,LG,0.8001779392048355,-0.32160724055839746,Lettuce,GFP,Tech1,pCH1-5
pCH5,Rep1,LG2,0.7430644941396317,-0.42844066025085487,Lettuce,GFP,Tech2,pCH1-5
pCH5,Rep2,LG,1.0023199371904676,0.0033430855033338676,Lettuce,GFP,Tech1,pCH1-5
pCH5,Rep2,LG2,1.019402904720086,0.027724369224372415,Lettuce,GFP,Tech2,pCH1-5
pCH5,Rep3,LG,0.6811585529326263,-0.5539374421635335,Lettuce,GFP,Tech1,pCH1-5
pCH5,Rep3,LG2,0.4362545233666042,-1.1967580047003485,Lettuce,GFP,Tech2,pCH1-5
pCH5,Rep4,LG,0.8505239311156465,-0.2335762654465046,Lettuce,GFP,Tech1,pCH1-5
pCH5,Rep4,LG2,0.8041520368152917,-0.3144598048971467,Lettuce,GFP,Tech2,pCH1-5
pCH5,Rep5,LG,0.9862090270983105,-0.020034636521700424,Lettuce,GFP,Tech1,pCH1-5
pCH5,Rep5,LG2,0.9943375540538993,-0.008192399146214505,Lettuce,GFP,Tech2,pCH1-5
pCH5,Rep6,LG,0.710461435535616,-0.4931717540350701,Lettuce,GFP,Tech1,pCH1-5
pCH5,Rep6,LG2,0.629704090230547,-0.6672540565084092,Lettuce,GFP,Tech2,pCH1-5
pCL1,Rep1,LG,0.024039260592110163,-5.378463667956129,Lettuce,GFP,Tech1,pCL1-5
pCL1,Rep1,LG2,0.01952548055982545,-5.678498133456371,Lettuce,GFP,Tech2,pCL1-5
pCL1,Rep2,LG,0.028903174984547506,-5.1126282097522715,Lettuce,GFP,Tech1,pCL1-5
pCL1,Rep2,LG2,0.018268633942583167,-5.774487430902018,Lettuce,GFP,Tech2,pCL1-5
pCL1,Rep3,LG,0.054043916176575814,-4.209723969518637,Lettuce,GFP,Tech1,pCL1-5
pCL1,Rep3,LG2,0.05811176357560001,-4.105025951543915,Lettuce,GFP,Tech2,pCL1-5
pCL1,Rep4,LG,0.02459468060917657,-5.345509869681931,Lettuce,GFP,Tech1,pCL1-5
pCL1,Rep4,LG2,0.025845043377744268,-5.273968566101502,Lettuce,GFP,Tech2,pCL1-5
pCL1,Rep5,LG,0.016975186805125112,-5.88042873893684,Lettuce,GFP,Tech1,pCL1-5
pCL1,Rep5,LG2,0.012215664185209791,-6.355123882398942,Lettuce,GFP,Tech2,pCL1-5
pCL1,Rep6,LG,0.0876924492429437,-3.511403564992246,Lettuce,GFP,Tech1,pCL1-5
pCL1,Rep6,LG2,0.05684754177686458,-4.1367582248789185,Lettuce,GFP,Tech2,pCL1-5
pCL2,Rep1,LG,0.1491907003906923,-2.7447704850205645,Lettuce,GFP,Tech1,pCL1-5
pCL2,Rep1,LG2,0.14816499218703538,-2.7547234810109145,Lettuce,GFP,Tech2,pCL1-5
pCL2,Rep2,LG,0.14927601605799037,-2.7439457063320867,Lettuce,GFP,Tech1,pCL1-5
pCL2,Rep2,LG2,0.163603911897992,-2.6117208502240783,Lettuce,GFP,Tech2,pCL1-5
pCL2,Rep3,LG,0.5577842143499732,-0.842220989135812,Lettuce,GFP,Tech1,pCL1-5
pCL2,Rep3,LG2,0.5899506513563681,-0.7613338150248292,Lettuce,GFP,Tech2,pCL1-5
pCL2,Rep4,LG,0.09850109325719708,-3.34371645273887,Lettuce,GFP,Tech1,pCL1-5
pCL2,Rep4,LG2,0.09810524490597626,-3.34952592185651,Lettuce,GFP,Tech2,pCL1-5
pCL2,Rep5,LG,0.1312727696752309,-2.9293604104062645,Lettuce,GFP,Tech1,pCL1-5
pCL2,Rep5,LG2,0.13898803850838184,-2.8469673668104396,Lettuce,GFP,Tech2,pCL1-5
pCL2,Rep6,LG,0.44522492552344745,-1.1673937319414118,Lettuce,GFP,Tech1,pCL1-5
pCL2,Rep6,LG2,0.4990162970513185,-1.002841162508819,Lettuce,GFP,Tech2,pCL1-5
pCL3,Rep1,LG,0.09250963852794536,-3.4342525027182917,Lettuce,GFP,Tech1,pCL1-5
pCL3,Rep1,LG2,0.07284715468349563,-3.778983566203895,Lettuce,GFP,Tech2,pCL1-5
pCL3,Rep2,LG,0.07325086456307814,-3.7710104023421662,Lettuce,GFP,Tech1,pCL1-5
pCL3,Rep2,LG2,0.07957110570442776,-3.6516115432341687,Lettuce,GFP,Tech2,pCL1-5
pCL3,Rep3,LG,0.11308524383097034,-3.1445174064152326,Lettuce,GFP,Tech1,pCL1-5
pCL3,Rep3,LG2,0.08993902551545528,-3.4749089372069375,Lettuce,GFP,Tech2,pCL1-5
pCL3,Rep4,LG,0.0631335125760832,-3.985450168831905,Lettuce,GFP,Tech1,pCL1-5
pCL3,Rep4,LG2,0.07807454661220449,-3.6790039033991726,Lettuce,GFP,Tech2,pCL1-5
pCL3,Rep5,LG,0.07445677135569825,-3.7474531313359303,Lettuce,GFP,Tech1,pCL1-5
pCL3,Rep5,LG2,0.06511879073689371,-3.940782280927401,Lettuce,GFP,Tech2,pCL1-5
pCL3,Rep6,LG,0.181603677350781,-2.461134678370755,Lettuce,GFP,Tech1,pCL1-5
pCL3,Rep6,LG2,0.12785661381284152,-2.9674013041302882,Lettuce,GFP,Tech2,pCL1-5
pCL4,Rep1,LG,0.030018454825324718,-5.058006472416851,Lettuce,GFP,Tech1,pCL1-5
pCL4,Rep1,LG2,0.02769529850552495,-5.174215101530949,Lettuce,GFP,Tech2,pCL1-5
pCL4,Rep2,LG,0.026426748512172627,-5.24185725983616,Lettuce,GFP,Tech1,pCL1-5
pCL4,Rep2,LG2,0.024002963933423854,-5.380643626106199,Lettuce,GFP,Tech2,pCL1-5
pCL4,Rep3,LG,0.05313549685011757,-4.234180222903914,Lettuce,GFP,Tech1,pCL1-5
pCL4,Rep3,LG2,0.05587857806420874,-4.161560880656114,Lettuce,GFP,Tech2,pCL1-5
pCL4,Rep4,LG,0.0206275406322286,-5.599284367057138,Lettuce,GFP,Tech1,pCL1-5
pCL4,Rep4,LG2,0.019323539395956015,-5.6934968201703935,Lettuce,GFP,Tech2,pCL1-5
pCL4,Rep5,LG,0.02075298477420711,-5.590537344434651,Lettuce,GFP,Tech1,pCL1-5
pCL4,Rep5,LG2,0.021242374325791537,-5.556911160139134,Lettuce,GFP,Tech2,pCL1-5
pCL4,Rep6,LG,0.05194332063409571,-4.266917944160206,Lettuce,GFP,Tech1,pCL1-5
pCL4,Rep6,LG2,0.03944528323475975,-4.664003392974733,Lettuce,GFP,Tech2,pCL1-5
pCL5,Rep1,LG,0.03497647355527736,-4.837471350508822,Lettuce,GFP,Tech1,pCL1-5
pCL5,Rep1,LG2,0.03513599804100119,-4.830906310756076,Lettuce,GFP,Tech2,pCL1-5
pCL5,Rep2,LG,0.03873756302149627,-4.690122992864785,Lettuce,GFP,Tech1,pCL1-5
pCL5,Rep2,LG2,0.04980853718445457,-4.327463148323002,Lettuce,GFP,Tech2,pCL1-5
pCL5,Rep3,LG,0.06798160107042713,-3.8787118498256374,Lettuce,GFP,Tech1,pCL1-5
pCL5,Rep3,LG2,0.03383620878625912,-4.8852882605507,Lettuce,GFP,Tech2,pCL1-5
pCL5,Rep4,LG,0.02589327819967497,-5.271278561615971,Lettuce,GFP,Tech1,pCL1-5
pCL5,Rep4,LG2,0.04337063048677597,-4.527137773699983,Lettuce,GFP,Tech2,pCL1-5
pCL5,Rep5,LG,0.02487087020550047,-5.329399202959891,Lettuce,GFP,Tech1,pCL1-5
pCL5,Rep5,LG2,0.03318798332386138,-4.913195223421457,Lettuce,GFP,Tech2,pCL1-5
pCL5,Rep6,LG,0.11963738759657798,-3.0632597816796325,Lettuce,GFP,Tech1,pCL1-5
pCL5,Rep6,LG2,0.05594825972116763,-4.159762933116193,Lettuce,GFP,Tech2,pCL1-5
pCM1,Rep1,LG,0.18696255334644443,-2.4191787526421185,Lettuce,GFP,Tech1,pCM1-5
pCM1,Rep1,LG2,0.19243043527545334,-2.3775910975028096,Lettuce,GFP,Tech2,pCM1-5
pCM1,Rep2,LG,0.18280394518465845,-2.4516308886219926,Lettuce,GFP,Tech1,pCM1-5
pCM1,Rep2,LG2,0.1973264643674198,-2.3413436393262805,Lettuce,GFP,Tech2,pCM1-5
pCM1,Rep3,LG,0.26581718446519226,-1.9114937203661075,Lettuce,GFP,Tech1,pCM1-5
pCM1,Rep3,LG2,0.3256664548741128,-1.618532971650784,Lettuce,GFP,Tech2,pCM1-5
pCM1,Rep4,LG,0.1842734030278219,-2.440080239268055,Lettuce,GFP,Tech1,pCM1-5
pCM1,Rep4,LG2,0.15739553296627243,-2.6675334985073813,Lettuce,GFP,Tech2,pCM1-5
pCM1,Rep5,LG,0.1880806243496004,-2.4105768616271694,Lettuce,GFP,Tech1,pCM1-5
pCM1,Rep5,LG2,0.18650955055250854,-2.4226785867555964,Lettuce,GFP,Tech2,pCM1-5
pCM1,Rep6,LG,0.4582936882817684,-1.1256556781415257,Lettuce,GFP,Tech1,pCM1-5
pCM1,Rep6,LG2,0.3105539435210655,-1.6870842071473016,Lettuce,GFP,Tech2,pCM1-5
pCM2,Rep1,LG,0.10358338784753851,-3.2711354450642793,Lettuce,GFP,Tech1,pCM1-5
pCM2,Rep1,LG2,0.10504883139914631,-3.250867981843884,Lettuce,GFP,Tech2,pCM1-5
pCM2,Rep2,LG,0.13077289046547752,-2.9348645972059293,Lettuce,GFP,Tech1,pCM1-5
pCM2,Rep2,LG2,0.10924145194570314,-3.19440770045233,Lettuce,GFP,Tech2,pCM1-5
pCM2,Rep3,LG,0.11997795706137818,-3.0591587237152114,Lettuce,GFP,Tech1,pCM1-5
pCM2,Rep3,LG2,0.09656276207655229,-3.372389246312766,Lettuce,GFP,Tech2,pCM1-5
pCM2,Rep4,LG,0.10206703524229765,-3.2924111030261254,Lettuce,GFP,Tech1,pCM1-5
pCM2,Rep4,LG2,0.13239256888998485,-2.9171059480174435,Lettuce,GFP,Tech2,pCM1-5
pCM2,Rep5,LG,0.07826124070791134,-3.6755582077118123,Lettuce,GFP,Tech1,pCM1-5
pCM2,Rep5,LG2,0.09257121513819562,-3.4332925301251156,Lettuce,GFP,Tech2,pCM1-5
pCM2,Rep6,LG,0.21430084497364096,-2.2222905564133675,Lettuce,GFP,Tech1,pCM1-5
pCM2,Rep6,LG2,0.18338904822452948,-2.447020609410947,Lettuce,GFP,Tech2,pCM1-5
pCM3,Rep1,LG,0.1847713664296317,-2.436186891762316,Lettuce,GFP,Tech1,pCM1-5
pCM3,Rep1,LG2,0.21402307473862703,-2.2241617467826016,Lettuce,GFP,Tech2,pCM1-5
pCM3,Rep2,LG,0.21698591110910462,-2.204326723336938,Lettuce,GFP,Tech1,pCM1-5
pCM3,Rep2,LG2,0.19970339032930473,-2.324069269517815,Lettuce,GFP,Tech2,pCM1-5
pCM3,Rep3,LG,0.21133961602779505,-2.242364866233987,Lettuce,GFP,Tech1,pCM1-5
pCM3,Rep3,LG2,0.23706516987794118,-2.076644380340534,Lettuce,GFP,Tech2,pCM1-5
pCM3,Rep4,LG,0.21982971390585568,-2.185541689458733,Lettuce,GFP,Tech1,pCM1-5
pCM3,Rep4,LG2,0.2522421611327853,-1.9871186591358287,Lettuce,GFP,Tech2,pCM1-5
pCM3,Rep5,LG,0.23555904978018347,-2.0858393359140375,Lettuce,GFP,Tech1,pCM1-5
pCM3,Rep5,LG2,0.20940287077112846,-2.255646874113957,Lettuce,GFP,Tech2,pCM1-5
pCM3,Rep6,LG,0.2668347326651397,-1.9059816270814869,Lettuce,GFP,Tech1,pCM1-5
pCM3,Rep6,LG2,0.16807585505450898,-2.572815605857766,Lettuce,GFP,Tech2,pCM1-5
pCM4,Rep1,LG,0.3012109397608557,-1.7311539262980962,Lettuce,GFP,Tech1,pCM1-5
pCM4,Rep1,LG2,0.32084465270260837,-1.6400531558699343,Lettuce,GFP,Tech2,pCM1-5
pCM4,Rep2,LG,0.3892244112550149,-1.3613258994339774,Lettuce,GFP,Tech1,pCM1-5
pCM4,Rep2,LG2,0.5093958593475615,-0.9731408622540882,Lettuce,GFP,Tech2,pCM1-5
pCM4,Rep3,LG,0.21413259612715688,-2.223423669591051,Lettuce,GFP,Tech1,pCM1-5
pCM4,Rep3,LG2,0.3771359413019516,-1.4068434480746395,Lettuce,GFP,Tech2,pCM1-5
pCM4,Rep4,LG,0.19771105087434154,-2.3385345834760787,Lettuce,GFP,Tech1,pCM1-5
pCM4,Rep4,LG2,0.2259567507868997,-2.145881434619793,Lettuce,GFP,Tech2,pCM1-5
pCM4,Rep5,LG,0.2316399881634244,-2.1100437666673537,Lettuce,GFP,Tech1,pCM1-5
pCM4,Rep5,LG2,0.22336574169576523,-2.1625201627618096,Lettuce,GFP,Tech2,pCM1-5
pCM4,Rep6,LG,0.4409362128377635,-1.1813581286253092,Lettuce,GFP,Tech1,pCM1-5
pCM4,Rep6,LG2,0.4434048989560404,-1.1733033849876426,Lettuce,GFP,Tech2,pCM1-5
pCM5,Rep1,LG,0.07833827007637656,-3.6741389197933025,Lettuce,GFP,Tech1,pCM1-5
pCM5,Rep1,LG2,0.2806413181880822,-1.833200665556279,Lettuce,GFP,Tech2,pCM1-5
pCM5,Rep2,LG,0.07773245494548935,-3.6853391096380315,Lettuce,GFP,Tech1,pCM1-5
pCM5,Rep2,LG2,0.08052841752523189,-3.6343582066958904,Lettuce,GFP,Tech2,pCM1-5
pCM5,Rep3,LG,0.12387222493429928,-3.0130753573009836,Lettuce,GFP,Tech1,pCM1-5
pCM5,Rep3,LG2,0.08533684925219616,-3.5506873444354285,Lettuce,GFP,Tech2,pCM1-5
pCM5,Rep4,LG,0.08563553253531356,-3.5456466551122903,Lettuce,GFP,Tech1,pCM1-5
pCM5,Rep4,LG2,0.09991685800630437,-3.323128079221909,Lettuce,GFP,Tech2,pCM1-5
pCM5,Rep5,LG,0.05988905341810039,-4.061563859926359,Lettuce,GFP,Tech1,pCM1-5
pCM5,Rep5,LG2,0.06459994396672487,-3.952323276232664,Lettuce,GFP,Tech2,pCM1-5
pCM5,Rep6,LG,0.22027119630433334,-2.182647241091141,Lettuce,GFP,Tech1,pCM1-5
pCM5,Rep6,LG2,0.14898075424186902,-2.74680212361715,Lettuce,GFP,Tech2,pCM1-5
35s,Rep1,LR,3.964778034856994,1.9872400999835385,Lettuce,DSRed,Tech1,35s
35s,Rep1,LR2,3.677220818578152,1.8786158135556779,Lettuce,DSRed,Tech2,35s
35s,Rep2,LR,3.4250639995495122,1.7761309460206256,Lettuce,DSRed,Tech1,35s
35s,Rep2,LR2,3.2070675373882476,1.6812547357032095,Lettuce,DSRed,Tech2,35s
35s,Rep3,LR,4.053925438694444,2.0193195544646567,Lettuce,DSRed,Tech1,35s
35s,Rep3,LR2,4.029675144553388,2.010663539440012,Lettuce,DSRed,Tech2,35s
35s,Rep4,LR,3.362190084368813,1.7494012909108045,Lettuce,DSRed,Tech1,35s
35s,Rep4,LR2,3.2495810488238357,1.7002537311426922,Lettuce,DSRed,Tech2,35s
35s,Rep5,LR,3.1443424886342934,1.652758367642223,Lettuce,DSRed,Tech1,35s
35s,Rep5,LR2,3.039215971479685,1.603699198687695,Lettuce,DSRed,Tech2,35s
35s,Rep6,LR,3.018465428454694,1.5938152775519652,Lettuce,DSRed,Tech1,35s
35s,Rep6,LR2,2.9131029362587886,1.542556680883096,Lettuce,DSRed,Tech2,35s
PNOS,Rep1,LR,1.2457406332846237,0.3170037264479948,Lettuce,DSRed,Tech1,PNOS
PNOS,Rep1,LR2,1.2222857217424914,0.2895815692467775,Lettuce,DSRed,Tech2,PNOS
PNOS,Rep2,LR,0.9432360125285261,-0.08430929376170844,Lettuce,DSRed,Tech1,PNOS
PNOS,Rep2,LR2,0.847663906205686,-0.2384357368958723,Lettuce,DSRed,Tech2,PNOS
PNOS,Rep3,LR,1.4593907870903382,0.5453662513893232,Lettuce,DSRed,Tech1,PNOS
PNOS,Rep3,LR2,1.6109913980105552,0.6879487907045402,Lettuce,DSRed,Tech2,PNOS
PNOS,Rep4,LR,0.7716673477998627,-0.37394903380102196,Lettuce,DSRed,Tech1,PNOS
PNOS,Rep4,LR2,0.7572730487733276,-0.4011145105495409,Lettuce,DSRed,Tech2,PNOS
PNOS,Rep5,LR,0.9421382217788846,-0.08598936069018051,Lettuce,DSRed,Tech1,PNOS
PNOS,Rep5,LR2,0.9106776550702693,-0.134987609165178,Lettuce,DSRed,Tech2,PNOS
PNOS,Rep6,LR,0.9013656681930226,-0.1498155941029289,Lettuce,DSRed,Tech1,PNOS
PNOS,Rep6,LR2,0.9154114151878749,-0.12750781241759304,Lettuce,DSRed,Tech2,PNOS
pCH1,Rep1,LR,0.39275671593657246,-1.348292149818435,Lettuce,DSRed,Tech1,pCH1-5
pCH1,Rep1,LR2,0.4259630614871247,-1.2311997661261822,Lettuce,DSRed,Tech2,pCH1-5
pCH1,Rep2,LR,0.3538864533277181,-1.4986415580210282,Lettuce,DSRed,Tech1,pCH1-5
pCH1,Rep2,LR2,0.33772132599630594,-1.5660948111958746,Lettuce,DSRed,Tech2,pCH1-5
pCH1,Rep3,LR,0.585226522495314,-0.7729329409178181,Lettuce,DSRed,Tech1,pCH1-5
pCH1,Rep3,LR2,0.6646504928664375,-0.5893321975225907,Lettuce,DSRed,Tech2,pCH1-5
pCH1,Rep4,LR,0.36923210265892104,-1.4374001022141298,Lettuce,DSRed,Tech1,pCH1-5
pCH1,Rep4,LR2,0.3354443067010468,-1.5758548370040957,Lettuce,DSRed,Tech2,pCH1-5
pCH1,Rep5,LR,0.36047385805710996,-1.4720334573876832,Lettuce,DSRed,Tech1,pCH1-5
pCH1,Rep5,LR2,0.37881290901188674,-1.4004425997460537,Lettuce,DSRed,Tech2,pCH1-5
pCH1,Rep6,LR,0.404468656634399,-1.3059001862250388,Lettuce,DSRed,Tech1,pCH1-5
pCH1,Rep6,LR2,0.38181171250379914,-1.3890667351733568,Lettuce,DSRed,Tech2,pCH1-5
pCH2,Rep1,LR,0.3093317886835585,-1.692772994342311,Lettuce,DSRed,Tech1,pCH1-5
pCH2,Rep1,LR2,0.37005628598090534,-1.4341833719035102,Lettuce,DSRed,Tech2,pCH1-5
pCH2,Rep2,LR,0.28503826321992404,-1.8107724968298817,Lettuce,DSRed,Tech1,pCH1-5
pCH2,Rep2,LR2,0.28178652807458066,-1.8273254553639826,Lettuce,DSRed,Tech2,pCH1-5
pCH2,Rep3,LR,0.5983354305839935,-0.7409735998129562,Lettuce,DSRed,Tech1,pCH1-5
pCH2,Rep3,LR2,0.784778085884885,-0.3496433385323147,Lettuce,DSRed,Tech2,pCH1-5
pCH2,Rep4,LR,0.2682873426847409,-1.8981491024458448,Lettuce,DSRed,Tech1,pCH1-5
pCH2,Rep4,LR2,0.28741613574020297,-1.7987870369233188,Lettuce,DSRed,Tech2,pCH1-5
pCH2,Rep5,LR,0.30867034879887706,-1.695861192094297,Lettuce,DSRed,Tech1,pCH1-5
pCH2,Rep5,LR2,0.32285836741514234,-1.6310266774601414,Lettuce,DSRed,Tech2,pCH1-5
pCH2,Rep6,LR,0.28908154175876144,-1.7904516011303329,Lettuce,DSRed,Tech1,pCH1-5
pCH2,Rep6,LR2,0.3311589269561628,-1.5944043458158426,Lettuce,DSRed,Tech2,pCH1-5
pCH3,Rep1,LR,0.061200925769072566,-4.030302713452413,Lettuce,DSRed,Tech1,pCH1-5
pCH3,Rep1,LR2,0.04615240684884155,-4.43745030336966,Lettuce,DSRed,Tech2,pCH1-5
pCH3,Rep2,LR,0.05614143868270802,-4.154790154890914,Lettuce,DSRed,Tech1,pCH1-5
pCH3,Rep2,LR2,0.0806268267540878,-3.6325962469814534,Lettuce,DSRed,Tech2,pCH1-5
pCH3,Rep3,LR,0.0851063999490217,-3.554588564002825,Lettuce,DSRed,Tech1,pCH1-5
pCH3,Rep3,LR2,0.1513081512207183,-2.7244383848677827,Lettuce,DSRed,Tech2,pCH1-5
pCH3,Rep4,LR,0.04603230728830204,-4.441209432853444,Lettuce,DSRed,Tech1,pCH1-5
pCH3,Rep4,LR2,0.0396027390777415,-4.658255973681574,Lettuce,DSRed,Tech2,pCH1-5
pCH3,Rep5,LR,0.04594378309949697,-4.44398653388231,Lettuce,DSRed,Tech1,pCH1-5
pCH3,Rep5,LR2,0.038461363670957,-4.700446274563122,Lettuce,DSRed,Tech2,pCH1-5
pCH3,Rep6,LR,0.06062491856940938,-4.043945285395237,Lettuce,DSRed,Tech1,pCH1-5
pCH3,Rep6,LR2,0.05236311744398372,-4.255305198926012,Lettuce,DSRed,Tech2,pCH1-5
pCH4,Rep1,LR,0.1917355357394835,-2.3828103479492744,Lettuce,DSRed,Tech1,pCH1-5
pCH4,Rep1,LR2,0.2870887143741708,-1.800431476416231,Lettuce,DSRed,Tech2,pCH1-5
pCH4,Rep2,LR,0.1855975656901943,-2.4297503067802615,Lettuce,DSRed,Tech1,pCH1-5
pCH4,Rep2,LR2,0.1619311775440441,-2.626547312101719,Lettuce,DSRed,Tech2,pCH1-5
pCH4,Rep3,LR,0.4091481915992164,-1.2893046195375033,Lettuce,DSRed,Tech1,pCH1-5
pCH4,Rep3,LR2,0.4348068161947648,-1.2015535381161921,Lettuce,DSRed,Tech2,pCH1-5
pCH4,Rep4,LR,0.16343385589766407,-2.6132212210963015,Lettuce,DSRed,Tech1,pCH1-5
pCH4,Rep4,LR2,0.1632689664622384,-2.614677499859148,Lettuce,DSRed,Tech2,pCH1-5
pCH4,Rep5,LR,0.18958123446872518,-2.399111927480099,Lettuce,DSRed,Tech1,pCH1-5
pCH4,Rep5,LR2,0.21125837923565582,-2.242919530098531,Lettuce,DSRed,Tech2,pCH1-5
pCH4,Rep6,LR,0.1910371099048896,-2.3880751787447796,Lettuce,DSRed,Tech1,pCH1-5
pCH4,Rep6,LR2,0.2185838649559737,-2.1937411843035544,Lettuce,DSRed,Tech2,pCH1-5
pCH5,Rep1,LR,0.4451358145286469,-1.1676825137462095,Lettuce,DSRed,Tech1,pCH1-5
pCH5,Rep1,LR2,0.4714161256113857,-1.084926985553261,Lettuce,DSRed,Tech2,pCH1-5
pCH5,Rep2,LR,0.4180341737583729,-1.2583072092881953,Lettuce,DSRed,Tech1,pCH1-5
pCH5,Rep2,LR2,0.39794242654892764,-1.3293683750244618,Lettuce,DSRed,Tech2,pCH1-5
pCH5,Rep3,LR,0.5434797790549575,-0.8797017361754099,Lettuce,DSRed,Tech1,pCH1-5
pCH5,Rep3,LR2,0.7444042691689118,-0.42584176559030273,Lettuce,DSRed,Tech2,pCH1-5
pCH5,Rep4,LR,0.43391366736845044,-1.204520066155738,Lettuce,DSRed,Tech1,pCH1-5
pCH5,Rep4,LR2,0.3894174409073766,-1.3606105951457776,Lettuce,DSRed,Tech2,pCH1-5
pCH5,Rep5,LR,0.4245443688287024,-1.2360127582017064,Lettuce,DSRed,Tech1,pCH1-5
pCH5,Rep5,LR2,0.4442739870615582,-1.1704784231229493,Lettuce,DSRed,Tech2,pCH1-5
pCH5,Rep6,LR,0.33232608086442694,-1.5893285750826238,Lettuce,DSRed,Tech1,pCH1-5
pCH5,Rep6,LR2,0.421766862396488,-1.2454823457355717,Lettuce,DSRed,Tech2,pCH1-5
pCL1,Rep1,LR,0.061706605860822064,-4.018431247685099,Lettuce,DSRed,Tech1,pCL1-5
pCL1,Rep1,LR2,0.09122878200928551,-3.4543671339025894,Lettuce,DSRed,Tech2,pCL1-5
pCL1,Rep2,LR,0.01816041778020821,-5.783058797580829,Lettuce,DSRed,Tech1,pCL1-5
pCL1,Rep2,LR2,0.037559415583319676,-4.734681574642622,Lettuce,DSRed,Tech2,pCL1-5
pCL1,Rep3,LR,0.20395998847908134,-2.293641933300568,Lettuce,DSRed,Tech1,pCL1-5
pCL1,Rep3,LR2,0.2880972864809204,-1.7953720227233367,Lettuce,DSRed,Tech2,pCL1-5
pCL1,Rep4,LR,0.12345026838798522,-3.017998121901245,Lettuce,DSRed,Tech1,pCL1-5
pCL1,Rep4,LR2,0.05174497185117536,-4.272437509535878,Lettuce,DSRed,Tech2,pCL1-5
pCL1,Rep5,LR,0.04396479923880061,-4.507507308944869,Lettuce,DSRed,Tech1,pCL1-5
pCL1,Rep5,LR2,0.04683183652941416,-4.41636657475876,Lettuce,DSRed,Tech2,pCL1-5
pCL1,Rep6,LR,0.0821371509832993,-3.605821283041505,Lettuce,DSRed,Tech1,pCL1-5
pCL1,Rep6,LR2,0.10990276480331215,-3.1857004145342063,Lettuce,DSRed,Tech2,pCL1-5
pCL2,Rep1,LR,0.6798112023574024,-0.5567939591738417,Lettuce,DSRed,Tech1,pCL1-5
pCL2,Rep1,LR2,0.24731345201310911,-2.015587381140949,Lettuce,DSRed,Tech2,pCL1-5
pCL2,Rep2,LR,0.2084798342381038,-2.262020252952142,Lettuce,DSRed,Tech1,pCL1-5
pCL2,Rep2,LR2,0.18193493823896917,-2.4585054744710555,Lettuce,DSRed,Tech2,pCL1-5
pCL2,Rep3,LR,1.158074112123938,0.21172758300965136,Lettuce,DSRed,Tech1,pCL1-5
pCL2,Rep3,LR2,1.1370778135452746,0.18533098543034826,Lettuce,DSRed,Tech2,pCL1-5
pCL2,Rep4,LR,0.15653350507020486,-2.6754566043424295,Lettuce,DSRed,Tech1,pCL1-5
pCL2,Rep4,LR2,0.17950504047994872,-2.477903739567013,Lettuce,DSRed,Tech2,pCL1-5
pCL2,Rep5,LR,0.19711218055865873,-2.342911164327354,Lettuce,DSRed,Tech1,pCL1-5
pCL2,Rep5,LR2,0.19441548661223435,-2.362784950178354,Lettuce,DSRed,Tech2,pCL1-5
pCL2,Rep6,LR,0.5362508785922669,-0.8990199885648423,Lettuce,DSRed,Tech1,pCL1-5
pCL2,Rep6,LR2,0.5089176429069232,-0.9744958880620956,Lettuce,DSRed,Tech2,pCL1-5
pCL3,Rep1,LR,0.06715735162850565,-3.8963108515152287,Lettuce,DSRed,Tech1,pCL1-5
pCL3,Rep1,LR2,0.09649766019509044,-3.3733622283874176,Lettuce,DSRed,Tech2,pCL1-5
pCL3,Rep2,LR,0.047817571328217665,-4.38631533286854,Lettuce,DSRed,Tech1,pCL1-5
pCL3,Rep2,LR2,0.055047494733049714,-4.183179282995981,Lettuce,DSRed,Tech2,pCL1-5
pCL3,Rep3,LR,0.17094893508822145,-2.5483626592334994,Lettuce,DSRed,Tech1,pCL1-5
pCL3,Rep3,LR2,0.251983408256517,-1.9885993516942362,Lettuce,DSRed,Tech2,pCL1-5
pCL3,Rep4,LR,0.053415303326589524,-4.226603060775153,Lettuce,DSRed,Tech1,pCL1-5
pCL3,Rep4,LR2,0.05399150455008095,-4.211123769677743,Lettuce,DSRed,Tech2,pCL1-5
pCL3,Rep5,LR,0.0639688695619268,-3.9664862011464415,Lettuce,DSRed,Tech1,pCL1-5
pCL3,Rep5,LR2,0.06555386337178545,-3.9311753825836426,Lettuce,DSRed,Tech2,pCL1-5
pCL3,Rep6,LR,0.08696973835403456,-3.5233426959544154,Lettuce,DSRed,Tech1,pCL1-5
pCL3,Rep6,LR2,0.11751826628914075,-3.0890430773600137,Lettuce,DSRed,Tech2,pCL1-5
pCL4,Rep1,LR,0.07149088740717441,-3.806096829426575,Lettuce,DSRed,Tech1,pCL1-5
pCL4,Rep1,LR2,0.10809805838177779,-3.2095874847485373,Lettuce,DSRed,Tech2,pCL1-5
pCL4,Rep2,LR,0.03359096973471917,-4.895782744566235,Lettuce,DSRed,Tech1,pCL1-5
pCL4,Rep2,LR2,0.04711962947840319,-4.407527995083685,Lettuce,DSRed,Tech2,pCL1-5
pCL4,Rep3,LR,0.28875145511971606,-1.7920998780947408,Lettuce,DSRed,Tech1,pCL1-5
pCL4,Rep3,LR2,0.4357641953264994,-1.198380432960789,Lettuce,DSRed,Tech2,pCL1-5
pCL4,Rep4,LR,0.04850763041648603,-4.365644483750171,Lettuce,DSRed,Tech1,pCL1-5
pCL4,Rep4,LR2,0.0677381653297259,-3.8838872774267212,Lettuce,DSRed,Tech2,pCL1-5
pCL4,Rep5,LR,0.052149662553691536,-4.261198272287419,Lettuce,DSRed,Tech1,pCL1-5
pCL4,Rep5,LR2,0.06116035753876521,-4.031259349166659,Lettuce,DSRed,Tech2,pCL1-5
pCL4,Rep6,LR,0.10345494253068536,-3.2729255236945036,Lettuce,DSRed,Tech1,pCL1-5
pCL4,Rep6,LR2,0.14732161095467958,-2.7629590166504308,Lettuce,DSRed,Tech2,pCL1-5
pCL5,Rep1,LR,0.0357645598397502,-4.805325503622248,Lettuce,DSRed,Tech1,pCL1-5
pCL5,Rep1,LR2,0.07296255016567285,-3.776700034736526,Lettuce,DSRed,Tech2,pCL1-5
pCL5,Rep2,LR,0.01823044682039955,-5.7775062681302725,Lettuce,DSRed,Tech1,pCL1-5
pCL5,Rep2,LR2,0.02132500934896464,-5.551309815748065,Lettuce,DSRed,Tech2,pCL1-5
pCL5,Rep3,LR,0.185989116594893,-2.426709892338799,Lettuce,DSRed,Tech1,pCL1-5
pCL5,Rep3,LR2,0.28795731753961146,-1.7960731107801615,Lettuce,DSRed,Tech2,pCL1-5
pCL5,Rep4,LR,0.021899099506368088,-5.512984642523943,Lettuce,DSRed,Tech1,pCL1-5
pCL5,Rep4,LR2,0.032397060326743686,-4.947993279270907,Lettuce,DSRed,Tech2,pCL1-5
pCL5,Rep5,LR,0.03137381534410026,-4.994295204957005,Lettuce,DSRed,Tech1,pCL1-5
pCL5,Rep5,LR2,0.03272160910973828,-4.9336124941369,Lettuce,DSRed,Tech2,pCL1-5
pCL5,Rep6,LR,0.03896284140707301,-4.681757298432052,Lettuce,DSRed,Tech1,pCL1-5
pCL5,Rep6,LR2,0.05197700279292259,-4.265982745276964,Lettuce,DSRed,Tech2,pCL1-5
pCM1,Rep1,LR,0.1962649702821983,-2.3491253938605183,Lettuce,DSRed,Tech1,pCM1-5
pCM1,Rep1,LR2,0.3345728907286531,-1.5796075413096067,Lettuce,DSRed,Tech2,pCM1-5
pCM1,Rep2,LR,0.19140536314329024,-2.3852968404457258,Lettuce,DSRed,Tech1,pCM1-5
pCM1,Rep2,LR2,0.1601898320029991,-2.642145518828656,Lettuce,DSRed,Tech2,pCM1-5
pCM1,Rep3,LR,0.5439267027390999,-0.8785158417930081,Lettuce,DSRed,Tech1,pCM1-5
pCM1,Rep3,LR2,0.6537974111509232,-0.6130844304269055,Lettuce,DSRed,Tech2,pCM1-5
pCM1,Rep4,LR,0.17844978101011177,-2.4864099639449186,Lettuce,DSRed,Tech1,pCM1-5
pCM1,Rep4,LR2,0.17270909359563827,-2.533584048268687,Lettuce,DSRed,Tech2,pCM1-5
pCM1,Rep5,LR,0.12820415412185068,-2.963485085396416,Lettuce,DSRed,Tech1,pCM1-5
pCM1,Rep5,LR2,0.1786992511191398,-2.4843945064450996,Lettuce,DSRed,Tech2,pCM1-5
pCM1,Rep6,LR,0.35332971986279643,-1.5009129901666847,Lettuce,DSRed,Tech1,pCM1-5
pCM1,Rep6,LR2,0.37645263250011846,-1.40945974700549,Lettuce,DSRed,Tech2,pCM1-5
pCM2,Rep1,LR,0.26237805498582384,-1.930281035324238,Lettuce,DSRed,Tech1,pCM1-5
pCM2,Rep1,LR2,0.23930383661108923,-2.0630845679841143,Lettuce,DSRed,Tech2,pCM1-5
pCM2,Rep2,LR,0.2803126799465923,-1.834891088717767,Lettuce,DSRed,Tech1,pCM1-5
pCM2,Rep2,LR2,0.26563994356997106,-1.9124559976847078,Lettuce,DSRed,Tech2,pCM1-5
pCM2,Rep3,LR,0.23808540907274414,-2.0704488863051855,Lettuce,DSRed,Tech1,pCM1-5
pCM2,Rep3,LR2,0.2942445684363796,-1.7649123105912676,Lettuce,DSRed,Tech2,pCM1-5
pCM2,Rep4,LR,0.3110849344171047,-1.684619566836114,Lettuce,DSRed,Tech1,pCM1-5
pCM2,Rep4,LR2,0.2876229027429305,-1.7977495360847766,Lettuce,DSRed,Tech2,pCM1-5
pCM2,Rep5,LR,0.19809220241647948,-2.3357560029309528,Lettuce,DSRed,Tech1,pCM1-5
pCM2,Rep5,LR2,0.20341999891793328,-2.2974665724205985,Lettuce,DSRed,Tech2,pCM1-5
pCM2,Rep6,LR,0.2983382008857331,-1.7449793746737887,Lettuce,DSRed,Tech1,pCM1-5
pCM2,Rep6,LR2,0.29867284622092877,-1.743362013593295,Lettuce,DSRed,Tech2,pCM1-5
pCM3,Rep1,LR,0.73835689292502,-0.43760976749776775,Lettuce,DSRed,Tech1,pCM1-5
pCM3,Rep1,LR2,0.6887943373132943,-0.5378548127269518,Lettuce,DSRed,Tech2,pCM1-5
pCM3,Rep2,LR,0.7508822863507512,-0.41334133656033234,Lettuce,DSRed,Tech1,pCM1-5
pCM3,Rep2,LR2,0.6968322350485162,-0.5211167311845606,Lettuce,DSRed,Tech2,pCM1-5
pCM3,Rep3,LR,0.7392334900719102,-0.43589797711310035,Lettuce,DSRed,Tech1,pCM1-5
pCM3,Rep3,LR2,0.699344411571487,-0.5159249690509852,Lettuce,DSRed,Tech2,pCM1-5
pCM3,Rep4,LR,0.8202167545938311,-0.28592288094357937,Lettuce,DSRed,Tech1,pCM1-5
pCM3,Rep4,LR2,0.6857698693889098,-0.5442035767878276,Lettuce,DSRed,Tech2,pCM1-5
pCM3,Rep5,LR,0.6782604810487013,-0.5600886584765671,Lettuce,DSRed,Tech1,pCM1-5
pCM3,Rep5,LR2,0.5896026640776059,-0.7621850517249575,Lettuce,DSRed,Tech2,pCM1-5
pCM3,Rep6,LR,0.5515973612831025,-0.858312539545418,Lettuce,DSRed,Tech1,pCM1-5
pCM3,Rep6,LR2,0.5081595557402581,-0.9766465385729919,Lettuce,DSRed,Tech2,pCM1-5
pCM4,Rep1,LR,0.7015451848046538,-0.511392067600625,Lettuce,DSRed,Tech1,pCM1-5
pCM4,Rep1,LR2,0.6480692425734742,-0.6257801296470309,Lettuce,DSRed,Tech2,pCM1-5
pCM4,Rep2,LR,0.6360082405444875,-0.6528826367430655,Lettuce,DSRed,Tech1,pCM1-5
pCM4,Rep2,LR2,0.6203756711229929,-0.6887859846552511,Lettuce,DSRed,Tech2,pCM1-5
pCM4,Rep3,LR,0.5790937163806986,-0.7881312523432177,Lettuce,DSRed,Tech1,pCM1-5
pCM4,Rep3,LR2,0.6893652677982387,-0.5366594814701272,Lettuce,DSRed,Tech2,pCM1-5
pCM4,Rep4,LR,0.8647120043284299,-0.20970837729378483,Lettuce,DSRed,Tech1,pCM1-5
pCM4,Rep4,LR2,0.8088780866362466,-0.306005817521556,Lettuce,DSRed,Tech2,pCM1-5
pCM4,Rep5,LR,0.650303242829293,-0.6208154768879489,Lettuce,DSRed,Tech1,pCM1-5
pCM4,Rep5,LR2,0.5934892949882876,-0.7527060872722356,Lettuce,DSRed,Tech2,pCM1-5
pCM4,Rep6,LR,0.5963440206588809,-0.7457832579706766,Lettuce,DSRed,Tech1,pCM1-5
pCM4,Rep6,LR2,0.5805099098307934,-0.7846073994731599,Lettuce,DSRed,Tech2,pCM1-5
pCM5,Rep1,LR,0.0735743681050621,-3.7646529431711753,Lettuce,DSRed,Tech1,pCM1-5
pCM5,Rep1,LR2,0.07358730997360102,-3.764399192740318,Lettuce,DSRed,Tech2,pCM1-5
pCM5,Rep2,LR,0.03321404398733766,-4.91206280040932,Lettuce,DSRed,Tech1,pCM1-5
pCM5,Rep2,LR2,0.04777554359378094,-4.387583901384334,Lettuce,DSRed,Tech2,pCM1-5
pCM5,Rep3,LR,0.17323603322325845,-2.5291890519724185,Lettuce,DSRed,Tech1,pCM1-5
pCM5,Rep3,LR2,0.2444873822360597,-2.032168083923312,Lettuce,DSRed,Tech2,pCM1-5
pCM5,Rep4,LR,0.03798504151227575,-4.718424791868573,Lettuce,DSRed,Tech1,pCM1-5
pCM5,Rep4,LR2,0.04546058144723004,-4.459240053228494,Lettuce,DSRed,Tech2,pCM1-5
pCM5,Rep5,LR,0.05053967924861615,-4.30643968156444,Lettuce,DSRed,Tech1,pCM1-5
pCM5,Rep5,LR2,0.052806020736969383,-4.243153760339244,Lettuce,DSRed,Tech2,pCM1-5
pCM5,Rep6,LR,0.09437298606396906,-3.4054822374856846,Lettuce,DSRed,Tech1,pCM1-5
pCM5,Rep6,LR2,0.09608657976861003,-3.3795212432011845,Lettuce,DSRed,Tech2,pCM1-5
