gene_names,vsd_means,vsd_sds,vsd_max,vsd_min,rlog_means,rlog_sds,rlog_max,rlog_min,CV
AT2G25170,11.640924765717125,0.17253086469499204,12.050530804149904,11.305798295528017,11.294149933893197,0.21404469676728471,11.792741335677146,10.867058337191052,67.47154943143933
AT2G27600,11.614206799600405,0.1762531340234027,12.312861327655735,11.360525563899722,11.260606434763499,0.21571075842309118,12.09732992054617,10.938873213943605,65.89503706673541
AT1G09770,12.007136415056769,0.20801489354692812,12.30845903503401,11.434220191343181,11.740670612139024,0.25045702726898056,12.094969877396085,11.036994762415041,57.72248424292735
AT1G26110,12.423051798555727,0.24320394721978159,12.81937330275077,11.812343700785414,12.22496079217903,0.27794643368815153,12.67040124892765,11.512345076269566,51.08079840221141
AT2G17390,11.894347691373486,0.23999677379020237,12.72650120023263,11.539747266141566,11.604523426910927,0.2839159426622365,12.565177715656748,11.171322940134502,49.560448265738565
AT2G29080,11.744402801846464,0.237127267244752,12.170863272088287,11.182817516351625,11.420512080979908,0.29369492230397415,11.934340833219174,10.702896330264192,49.52784611532854
AT2G23070,11.60665573345581,0.23641582601141592,12.001578605360846,11.139680304506621,11.248286121790139,0.29767275155328143,11.734621996043995,10.643199341633546,49.0942418249756
AT5G02770,12.008900402144706,0.24554415553441974,12.40998366807965,11.536601052588052,11.741753724444083,0.2916314355150218,12.210818130601922,11.16801249205186,48.90729480409616
AT1G80930,11.6957774879034,0.24020644759711318,12.081220724068054,11.140945146238785,11.359901750827397,0.30050370318732467,11.829244283024817,10.645513791886026,48.690522693712914
AT1G54080,12.067177744507433,0.24868054108021204,12.622825370132587,11.579068758578966,11.811144785680355,0.29121201528333485,12.450689069416073,11.221960056038913,48.52481698845572
AT1G74920,11.922273747761865,0.2516041874052976,12.436919035543673,11.319493086096058,11.6374293336919,0.3032311374683188,12.240800174123345,10.886789935248043,47.38503707236328
AT4G34450,12.953462199742013,0.2734469275503336,13.710478717759367,12.583325549899897,12.817506238867608,0.29636600104494765,13.62887626145819,12.411172478245462,47.37102850555034
AT5G10960,12.298886502170411,0.2602587619391689,13.045410360352205,11.874165281995909,12.082080845019645,0.29687566626159095,12.916504979520415,11.586536259036269,47.25637826958182
AT1G04080,11.78717698396717,0.2508910460829838,12.263209636328796,11.280218020772162,11.472836109424415,0.3070171896331329,12.041502224944916,10.833987655007945,46.98125807195402
AT5G64270,11.93250702500998,0.25508793330691554,12.399826873191474,11.496844646660476,11.649753730965847,0.3053181696058566,12.198782944990494,11.116968613890071,46.77801442945198
AT4G36690,11.90849686916081,0.25530898670619806,12.437342699658872,11.518868530089579,11.62081485079946,0.30540609202823843,12.241177376902483,11.144911818332622,46.6434692440527
AT2G16940,11.672125132581371,0.25047650873887556,12.101359721887414,11.041775480517614,11.329843721436934,0.3148376626701853,11.852692501584082,10.507980846747193,46.59967991149895
AT1G12840,12.022545735086226,0.2585580614403551,12.51236877815972,11.456597226830594,11.757547848071074,0.3070700865633211,12.326649457184898,11.065866892297262,46.498437016861764
AT5G18230,11.71115341959876,0.2554291599796482,12.158930832868107,10.972401626240968,11.377934800750756,0.3251083861891088,11.920207282732846,10.410265246697586,45.84892899672014
AT4G02570,12.643416501135555,0.27607059045410326,13.312877568303424,12.14113960657509,12.47370606851512,0.3065757748191551,13.206098504613136,11.904791334817741,45.79776672458533
AT3G56190,11.876881092885428,0.2618323295259473,12.4173328529995,11.351461864338871,11.582151201921548,0.31547522068573874,12.218296811157654,10.928574296225072,45.36063638279031
AT1G10950,12.233811283360946,0.2710320055925028,12.97848343079319,11.863974284585737,12.00633789936199,0.31009249717000514,12.843440519749098,11.573914133507328,45.13788420159687
AT4G08350,11.72483645548276,0.26086267598183255,12.246518910589637,11.098905398666746,11.395164283482018,0.32423518180522765,12.021807828872902,10.587836149692851,44.94639339013498
AT1G66260,11.664364311451477,0.2598521696136728,12.51192935616663,11.319774526087837,11.320432672015718,0.31622102789886297,12.323535420673725,10.88561029952936,44.88846226988642
AT3G42050,12.455267549388319,0.2778254508672178,13.030146998629617,11.87509850021577,12.260973109911436,0.3139703522835013,12.900730948416365,11.588462092003457,44.83126909543328
AT3G60600,11.740323759560278,0.2631590810567414,12.278220125466131,11.117418403733458,11.414272546038431,0.326458304765496,12.058427922894115,10.613529994378698,44.61302917009682
AT5G42080,12.524356704104315,0.2813346026761065,13.2503608014276,12.121240270165092,12.339569274437086,0.31329907723786127,13.138611793393194,11.880969306903989,44.51765472490881
AT3G44110,13.368185998319468,0.30090897822246865,14.010729445604877,12.799879853922235,13.26635928837705,0.32059739339298493,13.944585672477146,12.653381287801887,44.42601240178375
AT2G25670,11.81334561721629,0.2681881885715281,12.277312915785414,11.122173474920828,11.504004161499203,0.3302260397860526,12.0579181553437,10.62050090870337,44.04871698540732
AT4G38130,11.907789587011495,0.2726436840161889,12.390946111625757,11.422655318376556,11.619103624010917,0.3285308894448805,12.188518097560241,11.021468871908302,43.675281274091205
AT3G54760,11.655945323692462,0.26894915913652806,12.086198516180636,11.07663740879567,11.308787501577527,0.33643774871676235,11.834784619835846,10.556523731817983,43.33884278022782
AT4G27000,11.885017141148113,0.2749389644946839,12.450343155876375,11.454572442238865,11.591615745856647,0.32922818239825785,12.255744274479767,11.062534854401619,43.227838451315314
AT1G18070,12.097028302351886,0.2800151922917737,12.82978192877285,11.716868212653074,11.84559695953984,0.3246373109132995,12.68002047381836,11.393775917482612,43.20132848273059
AT1G25490,11.818737595773786,0.27407107383604823,12.44823270885732,11.280626403388302,11.510791372918508,0.3311350749689012,12.252913880193551,10.834703419212106,43.12289301586004
AT2G26140,12.035332409445486,0.28013892269184293,12.697830178747505,11.606984496824316,11.77213716947166,0.3300735263182145,12.533916447401085,11.256867019947448,42.96201432417349
AT5G53480,12.00788329342549,0.28073089243599364,12.61742966016102,11.293687795719078,11.739164123750937,0.3345441416507055,12.44428557289564,10.853204401086577,42.7736441445014
AT5G11500,12.167349334795514,0.2852731509569845,12.824639492870704,11.560977816103623,11.927948409295166,0.3321049976264505,12.674713983880585,11.199685401279538,42.65157549520036
AT1G50200,12.44697569369593,0.29271739138319197,12.945887472315285,11.976066365942497,12.25104363341706,0.3318303655711908,12.809054595495807,11.709326091783515,42.52215980362362
AT2G25970,11.749960920780609,0.2777494522241982,12.205867208209886,11.327631805115466,11.425760055015528,0.34040005484778746,11.975005488549582,10.896508394972058,42.30417315565428
AT2G27860,12.50373632641105,0.2970429064136948,13.069729685889563,11.802765930737523,12.31543321806947,0.3361856653147055,12.943894712938619,11.501099997773178,42.09404115174178
AT5G47690,12.211862507467727,0.2901480757486665,12.617457689234689,11.286088820898001,11.979316890525046,0.3439071286647329,12.44556430790657,10.843896369310983,42.08838013472109
AT2G20990,12.341404934053962,0.2939045649671715,12.990427688584512,11.876164362315935,12.130137325853664,0.3344047103953903,12.856968931434142,11.58914984275191,41.99119852198441
AT1G31910,12.308069877904734,0.2940364409448907,12.93078656614097,11.886942832621337,12.091656776626063,0.33564473750209456,12.791806190835986,11.60197290461319,41.8589948863228
AT1G77180,11.846602223204922,0.2833427313205692,12.638877204333335,11.366029658038396,11.544545126393404,0.3403006705915717,12.467347017207997,10.947469791229716,41.8101504421579
AT3G18035,11.72562291202022,0.280900042318075,12.240186480707965,11.254036253358045,11.395491607878249,0.3444515026810993,12.014509352772182,10.798697166963107,41.743044305927164
AT5G36230,12.494652951736539,0.2993590501346216,13.388457708848602,12.00735484544378,12.305395748608158,0.3345116004081666,13.285855839864814,11.74671484268319,41.73801642581943
AT2G37480,11.670166406228299,0.279792896669325,12.536659353540445,11.196318429505885,11.326644359929489,0.341975985807239,12.351387383770051,10.720682687047614,41.7100167486409
AT5G17020,11.911272381855927,0.2859262226678511,12.431786921462754,11.522962743871219,11.622964605926628,0.341499127001345,12.234910141248493,11.150116626098843,41.658551883479284
AT4G16143,11.802714667549683,0.2846601055576209,12.446709564762452,11.353597320043713,11.490645617271767,0.34461728561772487,12.251090048254113,10.930919037514279,41.46248257875594
AT5G11770,11.69937360592834,0.28351558189460413,12.424348293737186,11.259703776124757,11.362937488176758,0.3457086193862152,12.225060999895915,10.80608786908017,41.265363715626535
AT4G34110,14.022617600625125,0.3400741256645083,14.61573325310372,13.32587349450242,13.957927241627749,0.35431476935241296,14.571836520861844,13.226098108143695,41.2340032433364
AT5G65630,12.204960776432383,0.2967333010913415,12.695578167358853,11.22088754670033,11.970958114160627,0.35255461569142305,12.532437657960703,10.75662150156251,41.13107875504478
AT3G59920,12.379627211707266,0.30239481549425373,13.129551330805077,11.854326354882415,12.173853454538927,0.3428594278971623,13.007936992387462,11.562991986722661,40.93862254706053
AT5G53140,12.02802812807033,0.294589456988368,12.650108639137741,11.462212839020872,11.762664257048112,0.350014418180805,12.480834073695128,11.073126871396319,40.82979836086008
AT4G39680,11.8602795185699,0.2911680158864674,12.475528706639183,11.23631210124189,11.560641894640865,0.35203939523855726,12.284052011010614,10.775771167613556,40.733455844938945
AT1G59900,11.884198282170365,0.29256189764376367,12.293744816757092,11.104195890202025,11.589080371425155,0.3605958166471832,12.07727303162117,10.596247124164316,40.621141638345165
AT3G58500,12.028004677007234,0.298665445855032,13.003989670549979,11.625688048027103,11.763092014001423,0.3470953554303551,12.869684017315581,11.280239695643864,40.2725017036134
AT5G47010,11.917207241705196,0.2961287033651988,12.345737343937131,11.055539658014338,11.628901825678367,0.36378809469807677,12.137040020413918,10.52839823883119,40.243337124292125
AT5G08530,12.789936173968735,0.31785219224286,13.425986616852413,12.133915750285773,12.63601694952982,0.35112423772410345,13.327384587235013,11.897053999774993,40.23862816147067
AT4G38920,12.256086123388341,0.3056692386275046,13.038495606837621,11.631207917135212,12.030883729661019,0.35255481689348483,12.908808852784954,11.288347839559746,40.09590948183007
AT2G40060,11.728869806607076,0.2930840314677073,12.430907028942167,11.193644169533382,11.398742359273978,0.36154382693549836,12.232692368143205,10.717457616523355,40.018795114395004
AT1G02840,11.828463500248658,0.29649458718750477,12.852132790692423,11.268426166860573,11.521871568164924,0.3557109327597816,12.70250628323068,10.818442620939344,39.894365736829705
AT2G30110,12.488835130553742,0.3130616049579593,13.147482297345736,12.049219261553704,12.298296754119823,0.35132922732507554,13.027800139380586,11.796176007444858,39.892580031431365
AT4G38800,11.631211993618042,0.29161853733954796,12.511409149104328,11.14682948284427,11.276729964285833,0.3624108729781698,12.322682218262893,10.653086242425042,39.88502274145612
AT4G31480,12.000576118212084,0.3009626168068264,12.843152583957137,11.550667614741833,11.730090355716996,0.35263851546551606,12.693928988984823,11.18573157880871,39.87397586297133
AT1G78920,11.836128340792026,0.3004847120817103,12.353972056948178,11.13676658281421,11.53050795446607,0.3669855841230472,12.145892099951736,10.640679010779063,39.39011824858979
AT1G27090,11.792615073600484,0.299890775507745,12.49156521241398,11.265413714067645,11.477580693936424,0.3626351636907489,12.301723961399377,10.814306556848027,39.32303370663672
AT3G11910,11.956982013999802,0.30565730033660793,12.365492245954547,10.998834104698432,11.676131495592664,0.3777504833492341,12.159842447490368,10.448752966380509,39.11891520612158
AT2G13560,12.166172272995942,0.3112153166829468,12.770255804464984,11.528397531154406,11.925283018828564,0.3665574276956638,12.614804734654014,11.158444223412674,39.092459852772386
AT2G01970,11.610426706814302,0.29731731993205307,12.241598952356075,11.077745616089095,11.250106762036323,0.37084151544321226,12.015274156524438,10.557775568613256,39.05062345331134
AT1G14400,11.813662840178994,0.3045970357061367,12.693772564120245,11.307926483238216,11.503343703810874,0.36596868314947706,12.527800150097404,10.870810681298192,38.784562734800716
AT1G47970,12.057004329521863,0.3124351843192008,12.938356859855082,11.538043621588804,11.796967824510748,0.36351845534717886,12.798471227288848,11.170033819791431,38.590417899937194
AT3G13670,11.81540771223514,0.30663628396691556,12.593520513233374,11.0011159500369,11.504511794906875,0.3791238159767729,12.41619883526845,10.451320294242597,38.53232096143574
AT3G05530,12.069978464934053,0.31631526049739156,12.772746305879991,11.53857771564169,11.811951346655313,0.3708418672311327,12.617019788916696,11.170808505147706,38.158065614521895
AT5G18520,11.671232336824191,0.30588349003901943,12.461205409574424,11.071595278917732,11.3265136397138,0.3756318367314051,12.266758527681935,10.549619730662346,38.15581002863336
AT1G04140,11.63106047967224,0.30601653469840245,12.235672876887817,10.869731538043721,11.275370288044916,0.3847870464708991,12.008562875787165,10.261515507525894,38.00794780953697
AT3G03940,11.63819961387432,0.30640074253956306,12.427032403649443,11.131019034725943,11.284976981422346,0.3775928139606253,12.227820430399987,10.631509481114884,37.9835881512969
AT5G64130,11.61720822155346,0.3073961833370475,12.395685247057658,10.975372339532674,11.25784515513473,0.386374648562041,12.192027754020337,10.413787089794177,37.79229818483355
AT1G45000,11.952008859448425,0.31787147479453076,12.824615211456116,11.40533814065489,11.670782043291522,0.37773107833681346,12.673243792416057,10.999226140102166,37.600130263887614
AT3G52990,12.37602891444306,0.3292035019415838,12.97887944365126,11.631318614776305,12.168473297743803,0.37810966063780904,12.84459266397846,11.289151414955505,37.593855598289316
AT1G04850,11.688279626617613,0.3133167753286181,12.237574144863244,11.231404848977146,11.347070795759997,0.38787751464421644,12.011206364547423,10.76814650426399,37.30499145587885
AT5G06600,11.918905413837491,0.32075507270382486,12.749880938074416,11.15951894152914,11.630566209943709,0.3839249726370667,12.590659679755937,10.672020253478479,37.1588991979654
AT3G58730,11.894829041412944,0.3220310293464582,12.505672879709916,11.178468045922022,11.600766090072264,0.3928390474438198,12.318264877115949,10.69788610291972,36.9369034578834
AT2G20580,12.037285114326103,0.3266870538624386,12.667459014633328,11.42168953267465,11.772564914390028,0.3848194604938547,12.500193702561983,11.02094619103325,36.84653239854054
AT5G08290,11.836315061226562,0.3230898918964958,12.670966552826943,11.384328042174168,11.530258306148777,0.3864741178881451,12.502661927326878,10.971249178979406,36.6347427081328
AT4G11150,12.452267939764948,0.3419019267199016,13.02690854640153,11.763166740847069,12.255319803832952,0.3901358884267442,12.897202330522882,11.452494858295447,36.420584286342134
AT1G32050,12.017877163033488,0.33013173655765937,12.893546404089735,11.453010515814604,11.749247861370925,0.38962750529738654,12.749248335760523,11.061168110172149,36.40327733512073
AT1G06410,12.114860609628142,0.3354979986875247,12.617640181791282,11.292507022605072,11.863622217257369,0.3992848311044064,12.445186316194427,10.851945889172642,36.1100830914692
AT5G54430,11.618007998183803,0.3219456319503145,12.297725971447424,10.923777422715668,11.258044622833477,0.40363191872409754,12.079958485343951,10.339898517776719,36.086863262604524
AT1G11650,12.422852072905405,0.3454203930970903,13.209113481078909,11.846460860462082,12.221787075363716,0.3927472324967582,13.093855737715165,11.553683049275174,35.964443099378926
AT3G59020,11.648995243931923,0.32419774600444345,12.263150332471405,11.14201475644368,11.297158606593378,0.4029601661939749,12.040399812909909,10.6466451816007,35.93175889561016
AT3G06400,11.94259242508571,0.33245120401826067,12.377732771001433,10.831861286981256,11.656835798619166,0.41747410594256507,12.17368460959943,10.206720392918417,35.92284305407339
AT4G38510,11.958327426948197,0.33363539751636473,12.72449438221689,11.540309590934605,11.677841852487543,0.3941410089220403,12.563063989124839,11.172385446361247,35.842502072525576
AT4G31180,11.859154405695762,0.3319794700935562,12.53422425802081,11.392947405475253,11.557583076051895,0.39768708346917564,12.35016666680585,10.982629177585288,35.72255357342939
AT5G10860,12.757838420742193,0.3581434502836351,13.40770193623687,12.111788605649943,12.599385037063085,0.3954502501409648,13.307776378216877,11.871032309843471,35.622146407084934
AT5G05010,12.387255483601864,0.34776917410156916,13.068741358612714,11.647031577586539,12.180799080204066,0.3978581317425368,12.942198936095627,11.308822185305159,35.619187685634415
AT1G76810,12.160358880142361,0.3418573916919962,12.899574653625914,11.714099233271016,11.917794279370138,0.39561672282240384,12.756887287885641,11.390665641044238,35.57143761015558
AT1G04690,11.786746508882072,0.33191585668939105,12.751882494655984,11.361327188664909,11.469156540237426,0.3968070722952808,12.591891333344556,10.94096210710009,35.51124862320809
AT1G09620,12.188830510731291,0.3444068361302645,12.764178410204007,11.721401278652701,11.950885711681146,0.3998241381005004,12.608247501635924,11.399827837482553,35.390791447940735
AT3G46060,11.659191279852354,0.33085675592201597,12.419754523936485,11.079930598713934,11.309394649826856,0.4129866853377577,12.21959595898695,10.561141716504189,35.23939309433495
AT3G52560,11.648577620682872,0.33088296419668467,12.453168142960099,11.137877826521073,11.296272124877394,0.4109172640898711,12.257527408413358,10.640946481108388,35.20452510742947
AT1G67230,11.826700904121672,0.33739307511889666,12.51506985788235,11.332292510396485,11.51733077861741,0.4085879865131484,12.328406833523012,10.90305010438007,35.05318210800256
AT2G16640,11.924092270191423,0.340769323574305,12.910271693162386,11.363648628761867,11.636334413105525,0.40245040620300315,12.766867850243267,10.944730310245262,34.9916833625764
AT5G48810,12.304883340148649,0.35277216645124465,13.141497383269582,11.79617099496973,12.085877233800069,0.40371725541661585,13.020562554494933,11.492039289702548,34.88053908541354
AT1G10590,11.74381950052559,0.3376243445301777,13.028532378973074,11.33205911654175,11.416062723564227,0.4028692612075597,12.894206996935198,10.902257170806573,34.78368693130746
AT1G52360,11.965125880367822,0.34400119863567524,13.069970817491678,11.476930383958033,11.686239188277536,0.398850828461953,12.940765398507828,11.091629885169679,34.7822214801055
AT5G09810,13.952565861228374,0.40277776314163855,15.021471363364094,13.299057515324899,13.884102467668844,0.41803390341120567,14.985936598193625,13.197095191366087,34.64085443148433
AT3G60240,12.327554048534372,0.3560392496064639,13.125689025199259,11.647302814808663,12.11193789389925,0.407112548629392,13.003533995270017,11.308827027005847,34.624143439691615
AT3G22200,11.691390183935543,0.33797919752052125,12.743965689468059,11.12289086717162,11.34993499403679,0.4138554056738486,12.582351724680835,10.620541208943154,34.592040781520794
AT4G31490,11.675021531564193,0.3377559142146255,12.74308094543318,11.189056794659745,11.33022775527368,0.406295033536948,12.5812630622126,10.710859227395568,34.56644588655627
AT2G01720,11.616792818880123,0.33707667313948125,12.371053302305693,11.100371303298617,11.255948805336816,0.4180958216388551,12.16389561049672,10.58913607325715,34.46335431841981
AT4G27130,12.064050981996678,0.3518367862918178,12.831491441700575,11.531546542847362,11.803414655399946,0.4120970446087539,12.681704168646348,11.161825744545624,34.288770964360175
AT5G39570,13.633089151876563,0.39783783437353104,14.255557829325907,12.704935182698263,13.547041167819453,0.4216746312519116,14.199561664316649,12.549868805548954,34.26795536765469
AT2G47170,12.561915869900375,0.3667914215449541,13.901702440495333,11.871746716974187,12.379832958317946,0.4062759034394652,13.826918897133366,11.584840212105881,34.24811795485457
AT1G80070,12.888193788376562,0.377498960674034,13.416894665749343,12.236485447076342,12.743094096108734,0.41544610066022686,13.318194128679666,12.016642176709164,34.14100469406423
AT1G20960,12.672072332098262,0.3712744161537887,13.283962459825268,12.021051187283572,12.503123810595032,0.4135194273350885,13.175312291555302,11.76378438882122,34.13128344089633
AT1G26550,11.722299303661405,0.3438111123993854,12.663688646013433,11.283608270141155,11.38856723730951,0.41514580516424493,12.493690084825264,10.838030050621757,34.09517284608384
AT3G55770,11.837310766000167,0.3475094704719015,12.559375380338892,11.153403613030184,11.529648425405341,0.4219067589403364,12.37825892067299,10.663373535085436,34.063275311391244
AT4G20890,12.475411799334061,0.36736221080424053,13.237935119005929,11.675082138106507,12.280997514699994,0.4163559939539564,13.125030446149584,11.344202843401474,33.959431407009745
AT5G50850,12.203198247930747,0.36006797331539325,13.149311444100237,11.696653019300173,11.967499922173939,0.41286874662750195,13.028044840091974,11.369331023246627,33.89137371915507
AT3G08530,12.927484737894469,0.3826397530241539,13.757830105530273,12.050868421384981,12.786218685393964,0.42047329589900745,13.678349712398616,11.800080628922368,33.78500178228588
AT4G17330,12.299842675932307,0.36533304176717196,12.744097064111358,10.986082735116268,12.077859460925186,0.43717769771289805,12.586706536281666,10.43219109167229,33.66747944953482
AT1G13440,14.3613236728288,0.42841997765205886,15.369900069584954,13.751719458191298,14.309584526390752,0.4411266013705834,15.341459230820643,13.6780355528118,33.52160128371125
AT1G35160,12.004181233781615,0.359708046553411,13.11492125765735,11.246915097524777,11.731412285792908,0.4260652216716571,12.989598651196854,10.790595968367025,33.37201196581846
AT3G22440,13.192105062934964,0.3964408449773168,14.058306982618246,12.31625572302148,13.074715314268236,0.42859558625982325,13.99321799333279,12.109673947779108,33.27635189479474
AT1G76010,12.647358846476104,0.38069863509516616,13.453329112098743,12.055228976952753,12.475327885899372,0.42261845634045564,13.355831134891172,11.804025693708919,33.221445207741674
AT5G11560,12.252661509709288,0.36990314093741994,13.39855229672276,11.703185380388796,12.025199814563845,0.41883005521136574,13.295132491354646,11.377667111433444,33.12397261255532
AT5G55660,11.949856704831234,0.3608166625295854,12.664491350857183,10.96510231965972,11.665104662243525,0.4393891269683109,12.496281948311422,10.400659870849257,33.118915908855506
AT1G20696,12.792534892541072,0.3874192689427517,13.610449988208222,12.051804552334204,12.637344411166566,0.4248876056672564,13.522828600412584,11.800734790744897,33.01987257229429
AT2G44100,12.013728949605397,0.364015005676893,13.167454564756012,11.455368785925605,11.743171461122765,0.42501829679678116,13.046268604807306,11.064175367774657,33.003389317057504
AT3G44340,11.613050164661542,0.3529628333763555,12.343128742275075,10.727281484021532,11.249223583825282,0.4480263214450067,12.131805326249015,10.047710922817375,32.90162324903721
AT4G40030,13.070789694060034,0.3977035261847514,13.726328471848936,12.228671839751494,12.942732618717669,0.4339578158130043,13.645994321196016,12.008316451384458,32.86566206603875
AT3G15730,13.543222853389754,0.4123502359585421,14.298953803724391,12.812610080764522,13.451455615751826,0.4368823368301411,14.24403837266606,12.668183588338701,32.84397988013131
AT5G54760,12.032380746170608,0.36832587064629335,12.751404904665389,11.320098591333974,11.764269108258246,0.43927039376651333,12.59322103025535,10.888222336482452,32.667758919724136
AT3G07160,12.1960492057359,0.3733522495949385,13.176673854417288,11.415029089029009,11.958015703816919,0.43435518911300636,13.057433418793249,11.013023470894883,32.666333787911476
AT5G27640,12.018026285271487,0.36799209079490747,12.686157467939717,11.366510400883676,11.747182878098954,0.43887932632880294,12.520846748458995,10.949072925715878,32.65838203019825
AT3G10920,12.200230223545578,0.37373633562806824,13.420988767598137,11.740075263389771,11.963696708115911,0.42636015393898635,13.31864114951789,11.422835524806324,32.643949920049785
AT1G79920,11.900567310242959,0.36568934898659644,12.700059051433398,11.311785418501858,11.605853634814972,0.440177007204507,12.535673190100566,10.876465373610435,32.542832716408014
AT4G10320,12.207826291291358,0.3758149781589045,12.938813596659168,11.60234461606237,11.971880793548127,0.43468620910651096,12.800009679941082,11.251954491580786,32.48360762813867
AT2G35630,11.74464899183316,0.3618932638944287,12.451073164200128,10.765584830648699,11.41374832604732,0.4520429647898849,12.255539103322754,10.10657559017032,32.45335065219479
AT5G55070,11.680286100979462,0.36021098793606404,12.2853747798199,11.139609816859252,11.333906218813771,0.44885925739231997,12.06620335763576,10.6435150114054,32.426234879466435
AT4G19210,11.964546898918389,0.3694617277107815,12.829510459345666,11.45203479720141,11.683721035828892,0.43472326793038335,12.678715203144884,11.05964249967624,32.383724758317484
AT1G01960,11.708620761447433,0.36158451490545906,12.676413031237542,10.748485510361844,11.369288370872487,0.4499435088771218,12.507711746181103,10.080495624806707,32.38142198791008
AT5G63840,12.045550051448823,0.37201178451141326,12.715049006794196,11.486206310853122,11.780393192108477,0.4367961476477228,12.553049532415248,11.10399103473738,32.37948514794769
AT1G02080,11.82128061265674,0.365790909888841,12.30849597925652,10.786188747856938,11.507357925507112,0.4608799697817376,12.09375021663691,10.137983520614496,32.31704313332737
AT3G07100,12.02836200092986,0.3730871356440083,12.94903944810136,11.188022602439428,11.759474978424802,0.44269931800021967,12.80989448928425,10.711353889490841,32.24008777511713
AT1G07140,12.25073708759114,0.3799893619272666,12.979465368936092,11.70881587472923,12.021996717047315,0.4357852210955117,12.844551437557538,11.384615633266918,32.239684357100614
AT4G22220,12.014863520149618,0.3728354746198784,13.043544785687144,11.393624773045225,11.743756502190775,0.4386682869435326,12.912502773543721,10.984296072494924,32.22564465572725
AT3G55440,13.670478668757463,0.4242923285431476,14.639388775716688,12.775539936616571,13.586541825679063,0.4456557336089386,14.594581265818402,12.627714354635103,32.21948111976592
AT5G65720,11.907930099756975,0.37043614739670905,12.903522762033813,11.12577365514731,11.614847877149282,0.4425804838084158,12.759382277142283,10.625699576220228,32.14570225784279
AT4G22670,11.909504939469834,0.3706964068591536,12.638375685090802,11.207731026198614,11.616122020252293,0.4487721617135397,12.4670376287581,10.73762515629463,32.12738165005969
AT5G46020,12.328011338784336,0.38372580519494826,13.451040088957553,11.834763956226782,12.112215843518278,0.43026065196461044,13.351396074344624,11.539001720416884,32.12713654355669
AT5G25100,12.18125257417162,0.37928849289062183,13.105924650740347,11.519505818088374,11.940783452528766,0.4377774506505565,12.98111032655357,11.14710481819635,32.116061527035086
AT1G15750,11.977553206628194,0.3740319354965696,12.700116590767605,11.128136197996344,11.698185961657304,0.4492694377593856,12.536003592910198,10.629295239405891,32.022808936693174
AT2G03680,11.809407009900637,0.36913395730440185,12.478300664703218,11.193149229783629,11.494215253899089,0.4484602786408631,12.286818897176605,10.71723106395789,31.992198973344934
AT3G13410,12.045318540983471,0.3768809471016485,12.871878896608349,11.347174429756487,11.779654304793826,0.4449687634620989,12.726032804310881,10.923911448027011,31.96053988299581
AT5G38470,12.137957995474311,0.3800533344405265,13.021449825317752,11.534887116854232,11.889637612319573,0.4419479311051773,12.889389160511655,11.166415008007885,31.937512174028157
AT3G61130,11.621971669384449,0.36390264635064545,12.204202587907792,10.989843431516155,11.260081732206714,0.4573071461430963,11.972095088336394,10.434369050408968,31.93703531956696
AT2G21390,12.583594440748564,0.3946681558168302,13.67681503774633,12.001578605360846,12.40333959030376,0.43741418513805114,13.591428833386896,11.740224631979599,31.88398723151292
AT2G37410,11.716312469128894,0.36843130311144767,12.612942260180086,11.176617512446173,11.379209446093489,0.4496225051323242,12.437135410846325,10.694170320368123,31.800534781336967
AT1G14610,11.93381640393482,0.37682578605922745,12.648868666723564,11.351428446703878,11.645918458927719,0.4480720885818408,12.478873673085442,10.928826849737533,31.669320002583706
AT2G36850,11.987818638919375,0.37864963261684664,13.005186158646403,11.161891748556574,11.710550904957143,0.45177174762779854,12.87068797508347,10.67560189361619,31.659395933046575
AT1G36730,12.156407681709666,0.38455252149232666,12.862787236489615,11.502053590779703,11.911132191649603,0.44683790343962665,12.71654623996315,11.124825547822388,31.611826739646627
AT3G24160,12.101401696478954,0.38383943067623194,12.747829130530281,11.398242285507743,11.845656986279469,0.45369177555105644,12.589648647476269,10.990907148366654,31.52725001482839
AT3G03100,11.887591411069135,0.37781722917642574,13.046714823544564,11.26609781400513,11.590106364313428,0.44846998053515025,12.914999840057167,10.815632556641475,31.463867958012308
AT4G24520,11.90764161891875,0.37868454420566056,12.798872126263065,10.94791579217297,11.613371479465737,0.4590854691997057,12.64460279132235,10.375814130836414,31.444752105995132
AT1G48410,12.639840010898338,0.4022800983832062,13.6710041806696,11.846899570990939,12.46601462102798,0.4485183644348238,13.585631971488537,11.55518706554472,31.42049547491611
AT1G23490,12.557412822204205,0.400241243193798,13.391441184733484,11.870160853798401,12.372969324447272,0.4501342535670111,13.289379655354495,11.582880946168402,31.37460977784308
AT5G43940,12.593743378543657,0.401668856060829,13.377437220116327,11.817583465629252,12.413958637966111,0.45085545820084316,13.27478731891826,11.51961299084438,31.353547053786144
AT3G09840,13.940950590366887,0.4454922291814939,15.30824946441727,13.256900079599223,13.871453313502817,0.4619808098311961,15.277235139471207,13.15190337378694,31.29336423214541
AT4G35800,12.337916164024955,0.39435567822185164,13.170753401953421,11.457628782482336,12.121838703979938,0.4558742196273349,13.051957768646842,11.06868660991399,31.286264774116034
AT3G61580,11.97150017520069,0.3831458432012787,12.884474558273919,11.398947374651842,11.690995294026585,0.45433903182911417,12.739009403324005,10.990974334035423,31.24528267141262
AT2G33340,11.843315691286382,0.37923177217161896,12.578239465600722,11.227223656140916,11.535316677680536,0.45832546069391117,12.399450016591976,10.763466027823942,31.22975594441165
AT3G25140,11.636751894753122,0.374501047629079,12.60421946362208,11.030930805188536,11.278705875586088,0.46350824376951166,12.42674815961132,10.492296177303556,31.0726818213834
AT5G20010,12.852118138721345,0.4136391558245362,13.952530506683583,11.980609713958447,12.702439639918108,0.4539641234451604,13.881477798531499,11.716495119055326,31.0708451019399
AT2G02160,11.750206281433291,0.37910040181903737,12.619057606770083,10.908638698463257,11.420138260191774,0.4667016896765402,12.444241359138333,10.318324404279974,30.99497184664611
AT5G43830,11.990324813183307,0.3897968741922368,12.987699782677693,11.360642667603443,11.713490259703978,0.4594756474876739,12.851729589999408,10.941144719223265,30.760443726057222
AT1G55680,11.634017896924526,0.37903036160762354,12.250424395313566,10.856375326541158,11.273927798907398,0.4785384292006101,12.02558934019713,10.241379817214899,30.69415823993591
AT1G04750,11.680205684925575,0.38066695671187556,12.822829439931308,11.134958994709987,11.333372890634775,0.46548151360421836,12.66914388813245,10.637077799643388,30.683529208357974
AT3G12490,11.955323356829236,0.3900554736755845,12.837919482922306,11.331598195241865,11.670741551852842,0.46688961407858887,12.687851351737393,10.902781334853646,30.650315567094626
AT2G21660,16.63652306988507,0.5433572336509657,17.59899463393677,15.500514677375222,16.625619825340664,0.5454608917435122,17.5903255981227,15.482193911756351,30.618020778153124
AT4G01100,12.232720414894215,0.3997234096479132,13.363268765584216,11.571758523822059,12.000668423582118,0.45412219040763313,13.257433554168857,11.213521827091338,30.602962247492872
AT1G78900,13.570506832660653,0.443953110673343,14.509893198289063,12.452766000529937,13.479703079324885,0.47192829218413856,14.461299773461345,12.266698766772583,30.56743270044507
AT3G27090,11.985120116597685,0.39298222292984836,13.069384167849302,11.419643111522007,11.707544675949222,0.45892045677746274,12.940262563330114,11.017891748472055,30.497868395276395
AT3G13460,13.231096438737453,0.433918625636076,13.947856367829925,12.40157016872594,13.116085143568656,0.4675738966241847,13.878504616400845,12.207530984565148,30.492114551068532
AT3G58680,12.279307618766882,0.40431937451433997,13.050051292457493,11.07800638472848,12.052467772393646,0.4799605671304543,12.921285937289815,10.561316320355314,30.37031711259578
AT3G17020,12.228546400963733,0.40273514855080106,13.116540681320108,11.471367490419752,11.994711311182902,0.4666655232986842,12.992862568997062,11.085775154047735,30.36374263574172
AT2G35635,11.72850892981951,0.3865900678785758,12.362358038062103,10.928253487127824,11.3916743381832,0.48585254894633867,12.154671355668222,10.346529218015142,30.3383607193533
AT5G57870,12.359972588440842,0.40935819519300193,13.56212609619983,11.881643477551972,12.147947456062074,0.45968544383983173,13.469213510067895,11.595809543241511,30.1935388947409
AT4G02580,11.870898174228621,0.39324241396353415,12.7401706069429,11.009979742940448,11.567765020966034,0.47804806368819236,12.579589621587788,10.464051179525159,30.1872274014914
AT5G27380,11.651548976287332,0.3863895060556625,12.612241183546423,10.952682855998415,11.296267947155247,0.4800447359329996,12.435811822363297,10.381295916043456,30.154931212362772
AT5G65620,12.068562884805367,0.4009551401037811,13.163973981307668,11.335921780184329,11.80674901871638,0.46638018379101687,13.042934459691143,10.909083027947284,30.09953403186602
AT2G19480,12.407446184073232,0.4127854907902925,13.953694221643143,11.953258187064508,12.203049169220373,0.4562951545989549,13.880164134361555,11.681909700307884,30.057854408396807
AT1G79010,11.739504441371393,0.3905920240669695,13.29328473996328,11.05306011264629,11.408032110774046,0.4641204873748169,13.179044193919651,10.523945565894094,30.055668621022786
AT5G53300,13.3318179881761,0.44383445718985454,14.324871366275264,12.588234763226762,13.22474475301353,0.4733726656934047,14.269767909005855,12.418253198050087,30.037816515163634
AT4G21150,12.001293019512422,0.39983774371732245,12.936159208185664,11.425761559825954,11.726165651821228,0.4701519065306574,12.795682813659287,11.025920436685881,30.015408020102036
AT3G60820,12.094616123361305,0.4042841576696496,13.097800674000126,11.50507263489055,11.837476200683039,0.4693633771441772,12.971773477705797,11.128258828279224,29.916126798231133
AT3G15880,11.635739573774943,0.39032421523846295,12.523826663071876,10.580746263687734,11.273848836956166,0.5064505362622512,12.336655389185912,9.818661672593855,29.810447621514477
AT3G19760,12.241123008362852,0.41065892907298285,13.311063626997784,11.55195855107469,12.009236907627354,0.4734459904249359,13.201784637434216,11.18853590396418,29.80849104144852
AT1G51570,11.78766360615071,0.3954466817991387,12.632820709973501,11.045117676341965,11.465738859665718,0.4818399414002535,12.45986504788821,10.513128696332497,29.808477725798895
AT1G70490,12.472476219398985,0.41842459799597775,13.097552641153948,11.674525734048581,12.275389693286826,0.4770394764099165,12.973800553888772,11.343165044309918,29.808181161277904
AT2G32700,11.666418527243632,0.3916342127207147,12.337065827526365,10.657447493339065,11.313280658572141,0.49833890452126745,12.125284842397809,9.940071368267137,29.789068851252996
AT1G79750,12.468040473043288,0.4190484521575152,13.211821299371593,11.565284515848427,12.270067970477598,0.4803751947846163,13.096863477012707,11.206388266811775,29.75321924911133
AT3G63460,12.38438141110903,0.4162708326615163,13.57991174159103,11.648783267369415,12.175381031457334,0.47052803143304484,13.488143778972198,11.310779492492825,29.75077867437132
AT4G12650,12.431415661355711,0.41799671638740793,13.345508415173933,11.745494394856845,12.22903023997578,0.47287094093028914,13.239729663854593,11.430594994726858,29.740462482088066
AT4G36800,11.661697609495658,0.3924418364966647,12.393562525368822,11.073747403883589,11.30813163777332,0.4912567711824114,12.189776715028685,10.552446057456486,29.715734982793478
AT5G13980,11.746395432016888,0.3958105817962164,12.47747197590021,10.72310533251451,11.412430476345726,0.5048106763502486,12.285362907130676,10.041834469675914,29.676810000154404
AT4G33090,12.153019455150412,0.4100423460497126,13.66906241600242,11.5754675582144,11.90720477838888,0.4651938052320983,13.58056352077854,11.217799358082152,29.638449716793414
AT3G13300,11.831149869729659,0.3996857974385029,12.706800586593346,10.840810998139457,11.51830308848539,0.49187266814885483,12.542375114154739,10.219383661474708,29.60112654878622
AT5G23575,11.939584337504732,0.4033925876390877,12.894574506829715,11.362052151659338,11.651631572098902,0.4772486552566416,12.74983369978305,10.942680137479716,29.597926941054723
AT5G47030,12.560411659913196,0.4257323756733612,13.279005032194421,11.650410932776516,12.375292356067186,0.4798087769146556,13.169401185338403,11.313596089009941,29.503069011481625
AT5G40810,11.733747640860477,0.3979767023177093,12.977653156580722,11.205928361608251,11.399877257672497,0.4771254409104003,12.83883462843616,10.733986345055056,29.483503864739532
AT4G34720,12.004822594128285,0.40724494340220163,12.950824933665354,11.153080916639405,11.728986716246812,0.4881628695634719,12.811682673126748,10.663565860802244,29.478137883892963
AT2G20420,12.30289082308275,0.41751077847841395,13.026644755663513,11.312308189141572,12.080134126195313,0.48488205969051335,12.89604584297913,10.879008660601396,29.467241224094128
AT1G72710,11.919711803991168,0.40491834533780474,13.074550747831822,11.23230489986072,11.627818126594669,0.47710035630790976,12.945367325975973,10.770544802018907,29.437322218747834
AT3G02090,12.730408177504565,0.4327775467462582,13.807729079840962,12.156866177938724,12.566917255991465,0.4751124784970292,13.729611983437724,11.92348179147467,29.415593006650436
AT5G37510,12.323544088277941,0.4191967432876775,13.185344219928398,11.709429848677674,12.10450562617887,0.48093346528812525,13.067571849106002,11.385690536824566,29.39799577550821
AT4G38600,12.345918145801619,0.4210481497113922,13.06216485509085,11.21886287139687,12.12933721791292,0.4915968962530783,12.934787895632212,10.75447094469215,29.321867711006778
AT2G24200,12.732187526752572,0.43429063167028314,13.739771421655156,12.049555673543583,12.568911433710001,0.4763152516013997,13.658396486876331,11.797675481223914,29.31720511166575
AT4G02480,12.56423054075176,0.42899631841534275,13.323855244257068,11.084893759823656,12.378038611088641,0.4982273490473191,13.217351849270862,10.57221877918294,29.2875020167129
AT1G53910,12.146192168946449,0.41486897577775317,13.229172074112137,11.38459026354418,11.897927532694645,0.48000187047542225,13.11349861755701,10.973205832919394,29.27717635712825
AT3G56150,12.826466795236154,0.438378554672381,13.469047419939521,11.994103464961357,12.672997467216545,0.48427827289108516,13.373284793327974,11.732767514808982,29.258882895906986
AT5G35590,11.804402900476621,0.4036313591884732,12.872673530401517,11.027471842296178,11.486134919213418,0.4886312439860485,12.724833195275638,10.488379172428168,29.24550491867166
AT2G32730,12.207691053867126,0.4176463558517196,12.946869140417547,11.46456719331785,11.969704540088161,0.48375110138114336,12.808787207344675,11.077220189391436,29.229732003698658
AT5G67500,11.915845966083996,0.4078791708021834,12.904616187596886,11.241014290927506,11.622340338367845,0.48626807413319184,12.760644269981952,10.782219289543168,29.214156591151454
AT2G02760,11.725996882558682,0.4017792630003799,12.383314623902622,10.788138115814363,11.387827557189166,0.5013453910965326,12.178510830005244,10.140356050974738,29.18517196480495
AT1G26850,12.62894577498519,0.43319238294601703,13.553479595180841,11.772339825708897,12.452775086422013,0.4823182565330655,13.461649436581899,11.464366354749059,29.153203685391134
AT5G34850,12.28682799803212,0.4244314050739873,13.48194236246696,11.739293147525796,12.062602772563881,0.48034030975590053,13.383908008742704,11.422284689208222,28.948913419567216
AT4G26630,12.508064836498031,0.4326166281539218,13.065635589937827,11.180512275327864,12.314350658647555,0.5016215767880328,12.939461273958248,10.7032796277032,28.912584543670736
AT5G26830,11.797695169025689,0.4088758730144809,12.494655152744674,11.090955442259094,11.476625462882447,0.502908392004317,12.30514382208643,10.577019154807692,28.853977325797985
AT1G15340,12.056675460081332,0.4186809368166886,12.968684309633765,11.202863940300565,11.79056981949851,0.49742291283529916,12.831493837782231,10.731519483372244,28.796810171847195
AT4G32470,11.98259927907303,0.416480080708967,12.853916905130228,11.292514287557882,11.702812439523933,0.49044591968396367,12.705619281671437,10.851257306095796,28.771122159492606
AT1G09640,12.761850263587313,0.44406207723987784,13.75849913873438,12.261669086920339,12.601617887507128,0.4865778771030851,13.678205572586913,12.04508745775279,28.738887911595953
AT2G20360,12.192437488144748,0.42645386370294497,12.862489953639589,11.358810693754789,11.950429198888296,0.5031877404885303,12.716381100868533,10.939695568297884,28.590284966060562
AT1G70770,12.156861046389267,0.4257376574422999,13.228548209577738,11.510005797511678,11.91009254012844,0.49084886368192904,13.112915946502616,11.134850710965766,28.554817347903697
AT1G71220,11.881839615588865,0.41653045016828344,12.80872628193282,11.25812308039616,11.580330468038866,0.499199210099626,12.655265121338285,10.80493910048344,28.525740701042277
AT5G09900,11.853378373350745,0.41715914230267964,12.862389268260623,11.207068431362545,11.545844626407181,0.49859065994356905,12.71397416487334,10.736185407405967,28.414523790420127
AT3G46010,11.809891187823451,0.41620114128919306,12.97882529567002,11.110241614953908,11.492559082865206,0.49915745244557685,12.840713680859336,10.603736284488159,28.37544162238967
AT3G11130,12.814385934967152,0.453832499447758,14.102976227026918,12.120616074715944,12.659972720926353,0.4939517320389339,14.037690108849448,11.88151309447639,28.23593715866586
AT2G28290,11.974247883948056,0.42422251324537613,12.508711307388097,11.040237504820599,11.690545682979089,0.5155697880459434,12.322197052419998,10.507166345444542,28.226337617829316
AT2G42680,11.76856336088056,0.418161599419325,12.696159427004185,11.1573800167917,11.440905036300927,0.507350913813857,12.530100425092629,10.66824428533015,28.143577452407946
AT1G51980,12.341988026745911,0.4387413851567553,13.38775391044766,11.674790059304808,12.125553716671162,0.49724339507481696,13.28421050019616,11.34290448307175,28.130439580793855
AT3G13930,11.694605214473276,0.4173227641614841,12.813915831953215,11.223161158222332,11.349579565658013,0.5035250055597643,12.659492708476092,10.757015125180354,28.02292666198295
AT1G79930,11.898042613354042,0.4246012814725092,13.170666905641887,11.323928458971697,11.601041170340668,0.49561410211771467,13.048920507465553,10.892368797494182,28.021683241491537
AT2G46020,11.829732146294106,0.4232305348624272,12.572816490769963,10.84170268040058,11.514269486702448,0.5263511082535703,12.393152403534872,10.220675823187975,27.951036543569355
AT5G60790,12.543667823946029,0.44879782329201134,13.619847169973218,11.89136850387642,12.355790152378377,0.5027564667001749,13.53121485487201,11.608376808988707,27.949484540580006
AT4G11420,12.516781590844,0.447932408053468,13.350861625229877,11.87065311591798,12.325320970290102,0.5025028057376318,13.245932691368964,11.583287053966533,27.943460588700958
AT1G22300,12.988045742923509,0.46593364739016285,14.276367319348742,12.27525926182556,12.85098571873429,0.5043764213171349,14.218036279723474,12.061722522020878,27.875311894029405
AT5G37780,12.902658505011345,0.4628885087362817,14.238356419856755,12.199918335037795,12.75727063603013,0.5021730628489133,14.178339014112767,11.974290915320834,27.874225135198355
AT1G76030,12.0542208776171,0.4331169313551138,12.624530895341488,11.340415007089424,11.786476620570737,0.516951296652663,12.452468166442065,10.914854420210725,27.83133146031137
AT1G62020,11.78485473428863,0.4235681477734326,12.807251510559297,11.16965197635649,11.460946567434299,0.51110317154422,12.652903715455261,10.685067482240067,27.822806781477748
AT1G04410,14.199657866508115,0.5105133067575129,15.072183520551041,13.330061410667781,14.140693221817894,0.5279841193321221,15.038569460238017,13.231173535517852,27.814471588793992
AT3G55410,12.212345542644805,0.43914644222361515,13.239605619305598,11.395724750685398,11.974167426774017,0.5078406547731674,13.125123451130742,10.987961059719073,27.809278109615718
AT4G40040,13.619947354279779,0.48992378563049926,14.807793396626796,12.867039161184687,13.531916109677649,0.5145563407112471,14.766623686999393,12.728157055733625,27.80013494701388
AT3G52880,12.868044221656051,0.4663149992239961,13.8678790091534,11.976133097977026,12.71817836732441,0.5133175321162549,13.7932369353397,11.711215423856247,27.595175456654868
AT4G29040,12.247106880708804,0.4438901892763523,13.278742413388679,11.346546659642428,12.014562948366093,0.5119868251418536,13.167284403106395,10.923859266938384,27.5903977528193
AT1G64520,11.909115591516095,0.43240426423754497,13.029852241892076,11.09228930893836,11.61271070632287,0.51559031864551,12.896893731766234,10.579433463055832,27.541623837857713
AT3G01390,11.850621453070039,0.4307416904536739,12.715114990318822,11.161482567008031,11.540709559936229,0.5223288563344161,12.55174390975973,10.674261285403773,27.512130159930663
AT5G11170,12.035073332734584,0.4376514598241225,13.278616438711333,11.465632210927359,11.7655643332862,0.5044753964263156,13.165717600306314,11.077454812012748,27.499218984831163
AT3G03250,12.029734227364141,0.4382986000473021,13.005887842263,11.466921372389024,11.758457067129877,0.5110277778727883,12.87177690482073,11.079104120522866,27.446435434806016
AT1G07890,13.629038861909923,0.49672146244863336,14.459428765923944,12.021960937428567,13.539663492862225,0.5377580218358983,14.409682251521957,11.76872377969287,27.43799068943859
AT1G29880,11.82781085881714,0.4317617822857634,12.627364735623484,11.227222381684593,11.513047559840967,0.5211236164955693,12.454064431953913,10.763234465201045,27.394297837572044
AT5G33320,12.168094099481959,0.4456779123070929,12.923286377169358,11.436362858597686,11.921305912541696,0.5216573525327861,12.78273894459371,11.040459703697126,27.302439190878218
AT1G23820,12.016616599491496,0.44060588221893576,13.366255151751874,11.246856263373086,11.742672252051005,0.5143016374145228,13.259210334732455,10.790572132364366,27.272937299371947
AT4G01290,11.710590152115111,0.4307404889487773,12.604761703053851,10.466809578924478,11.3640192703015,0.5595152158624284,12.427921368832516,9.632672318153611,27.187112548195365
AT3G62120,12.005073952078437,0.4416836577748897,12.941934538695058,11.204414860563219,11.728066014823794,0.5216262930426298,12.802008248376104,10.73336348694991,27.180253877984754
AT4G34100,11.77883618824268,0.4336330833002931,12.879351606896588,10.963502327323257,11.451800687555899,0.5324548085341921,12.731924934651529,10.39750120025626,27.163140087459094
AT1G20693,12.979054784053154,0.4783598572666286,13.884214612997221,11.99370474457067,12.839956940955505,0.5248661939308816,13.810868103122834,11.732575745559313,27.132407928658775
AT1G67730,11.780946209903503,0.4342265282977497,12.55666866492429,10.6890381510378,11.451499742377585,0.5576744952394944,12.374682176231856,9.989689936833209,27.130876264255537
AT3G01910,11.83699194707172,0.4363424551653159,12.80591840908719,11.081165506515497,11.523201137685353,0.5333810520559363,12.65183411465452,10.56362246053482,27.127756666692154
AT3G43300,11.933419993736278,0.4403100594464319,12.999448638371316,10.747529038013786,11.640155014735003,0.537909741688416,12.864075056791062,10.080079178699217,27.102310605256786
AT1G21630,11.650748837714852,0.43085268342781796,12.538446335271233,10.409697907764762,11.289082702870662,0.5601874079326788,12.35322170310005,9.53603468256351,27.041142566463176
AT1G65930,13.33208375472323,0.4931114986760322,14.54554466774888,12.29916255242739,13.223721521958044,0.5276393028525799,14.496811369420811,12.09060291828058,27.03665152915494
AT2G01820,11.6347641729982,0.43049918476128984,12.759019633762092,10.88285272577991,11.272233051449634,0.5315557206599131,12.598508457347899,10.280037140318676,27.026216505960708
AT1G19920,11.651942654964571,0.43166819243178084,12.80150077239755,10.74143982311933,11.293119517380845,0.538323270414367,12.645432587359682,10.069502664544949,26.992821938822836
AT5G48385,12.217221974505804,0.4526840168577561,13.281570456455768,11.4910634167126,11.979775886303452,0.5181608844849813,13.170103180082577,11.110978759098584,26.98841028077371
AT5G66680,11.840513468062959,0.4387271089536222,12.667176240605396,11.118673910114195,11.527795915712876,0.5322406145564428,12.498483475149712,10.615541356641298,26.98833335442378
AT3G17240,11.712721157494181,0.43400038003260255,12.713400152542427,11.141767961223147,11.370990374905487,0.5235709546041012,12.54877162939744,10.646552423960626,26.98781313650995
AT5G60640,12.354228636799366,0.45880938084852096,13.672580394924326,11.640087164200924,12.139275181099498,0.5157229568842421,13.585631081503186,11.299803437588048,26.926713254972
AT4G02230,12.27572369973313,0.4561278231943205,13.596406961632326,11.574630382905527,12.047842558406437,0.5204377197133324,13.504903742680051,11.217321742276908,26.91290264593967
AT4G09000,12.796133594270525,0.47582139352300634,13.78989045641045,12.038163679229163,12.638293079141931,0.5240325630018478,13.71127863224389,11.784478494818268,26.892724388719234
AT1G79830,11.872811511082586,0.44190980577417044,12.533097102582664,10.441610476801163,11.563497507039294,0.5668394853784204,12.348908367871314,9.591339600433452,26.867046976436544
AT3G08590,12.092088410537206,0.45016346440688726,13.25163187518851,11.376933155906245,11.831530921125317,0.5272927354627455,13.137217012010698,10.96288914058597,26.86155000710494
AT1G47420,12.033144802083681,0.44870674139980143,13.389453495886876,11.440131771720218,11.76262048544062,0.5180121259581689,13.284045522730032,11.044618348572211,26.81739250126855
AT5G52840,11.98750715473404,0.4476748475410165,12.897478184736677,11.003073215325601,11.704750541971794,0.5451582703511306,12.753327181031981,10.454810046668124,26.777263052813638
AT3G47520,11.985835461247973,0.4478034771350394,12.857193388966337,11.241107954274412,11.703923054571133,0.5351612020580183,12.709204557566904,10.782670114993325,26.765838304630964
AT5G19690,12.129524713287829,0.45518096196766056,13.073193153612511,11.295033384958648,11.875288539682444,0.5342663518156783,12.94539453073928,10.855312915989758,26.647697787829713
AT4G23650,11.781744811435443,0.44484577277487186,12.923586617233708,10.886583632895416,11.454893603479853,0.5436788486517102,12.780316751753249,10.286313598047617,26.485010159685082
AT4G20980,11.780134999347293,0.44494096764103347,12.715408982562673,11.121704662580472,11.453377846162482,0.539037561068559,12.55154118636108,10.619369919200842,26.47572567166077
AT1G53750,12.516596068150022,0.4733549938723539,13.550604934221198,11.67339895052531,12.323901352092427,0.5324156556609927,13.457984780002576,11.341968596318743,26.442302775251335
AT1G30630,11.81849686413153,0.44701455298925125,12.9914625625227,10.80182940473712,11.499981462378331,0.545372563156894,12.854515552942534,10.16132556169951,26.438729533746777
AT3G51550,12.581445390960504,0.47695244633647826,13.765830318922548,11.603584593042026,12.397158734736626,0.5356287228110767,13.684880184596866,11.255147286408246,26.378825578105122
AT1G10840,11.920857879894362,0.45249317174582104,13.031547429631594,11.271168562889857,11.626554936167013,0.5317038299845789,12.898832903772174,10.822526955423811,26.344834848890635
AT5G61780,12.31353969634479,0.46803200810357,13.816992907633407,11.814543199619994,12.09243760461461,0.5227017406811724,13.737314938452297,11.514368287891285,26.309182883107322
AT1G11680,11.69771375453487,0.44463699697395104,12.752565659386807,11.083161588921506,11.351218792746398,0.538966290360556,12.591944789108377,10.565668358930084,26.30845798740445
AT4G10840,11.75878241060496,0.4479513367154516,12.65606421839851,10.636800538902579,11.424641125316331,0.5611895756520587,12.485502331767696,9.908195246228777,26.250133545364086
AT3G62360,11.769147283510865,0.4486175882176014,13.173814468927576,11.308314573410117,11.441330824141364,0.5300263997091806,13.051523469447769,10.871013599701426,26.23425294195611
AT4G39080,12.48802946656658,0.47647657524142384,13.18042686607909,11.633818743683442,12.290487004548098,0.5428762911723475,13.063232908565812,11.29256308910421,26.209115233501404
AT2G30620,12.500273621613092,0.47704145869687314,13.702247034222108,11.511085803637634,12.304868172608982,0.539776130264751,13.617674692803059,11.137787068439287,26.203746852023926
AT2G33040,12.752663333781669,0.48704744641850634,13.91460398826809,11.741883953447427,12.589368634919065,0.5388466313894078,13.841409132909963,11.427556020192466,26.183616047180053
AT5G59880,12.464669112303131,0.4763117671063097,13.680706506060359,11.535457635906678,12.2639621442755,0.5428874094693504,13.5948184488659,11.168599589829393,26.169139570136
AT4G11380,11.686319672897037,0.44706456576433246,12.994004060897765,11.03771490669016,11.337562858395,0.53644487436172394,12.85627751119697,10.502139122123484,26.140116143889188
AT1G02140,12.2080254962117,0.4675812550025467,13.658108379312964,11.542718181647464,11.968526017527864,0.5336229904745647,13.569698160972433,11.176652259551677,26.108885601381107
AT3G02260,12.208711711198253,0.46769771580614083,13.087241776955295,11.266001105429309,11.967808708762249,0.5458230537302865,12.961092759532521,10.817043819562778,26.103851480554855
AT5G10550,11.730254039004251,0.44937616037809947,12.38798565458983,10.511429155938115,11.386874459180872,0.5819040700548374,12.18384389768574,9.70638514438281,26.103418635146472
AT3G02520,11.697841004715308,0.4485035896853209,12.4259935351962,10.853635862543314,11.348934240486871,0.5607778430329431,12.226785480510356,10.237586061170534,26.081933954916053
AT5G63860,11.864938865259084,0.45621067232260537,12.55666866492429,10.842211986715231,11.554921876575309,0.5651566969498257,12.375310200848716,10.221542586586338,26.007587250981487
AT1G54270,12.294734303254774,0.4732573619940036,13.343250110452681,11.538547060501088,12.068758211916741,0.5417140724043995,13.236490345341476,11.171777145253,25.978960478190203
AT3G50590,11.642452497126246,0.44879018638343243,12.553715021185411,10.557375336036456,11.278006704919251,0.5739178058000597,12.37028711748106,9.780960148369862,25.941860696524447
AT1G29470,12.702718200168858,0.4900991596564709,13.805150310270038,11.807419245440242,12.533144819626362,0.5458610988597017,13.726758174237197,11.507467911044454,25.918669619986037
AT3G47350,12.470133824808478,0.482169994030644,14.147615227924437,11.973950161914189,12.272211608008218,0.5308879335354473,14.081975729984784,11.706852599972867,25.862525622065043
AT1G65440,12.183119768287707,0.4718106844262335,12.910650147220855,10.921298737998523,11.936476137730871,0.5607604700394075,12.76902222761187,10.338684373517166,25.82205145079225
AT1G15690,14.46806458604698,0.5605121416823715,16.039336313476845,13.515468214558945,14.41873268277438,0.5754536363927867,16.01819802854412,13.429370678585677,25.812223340285243
AT1G75950,12.842191314070535,0.4978920002467753,14.309066466467034,12.230484453061903,12.68935293362467,0.5415174854156752,14.25118181468812,12.009424189999828,25.793126436467
AT2G34250,13.293768133730149,0.5164716035945054,14.349508722358811,12.391699697092703,13.181973675093701,0.5522641307288912,14.294999816626266,12.196272739401756,25.73959156942811
AT5G47200,12.195764315550147,0.47420493030542005,13.47598173138251,11.565440112829396,11.953453858516461,0.5441093189131885,13.376992525231639,11.205331886489462,25.718341451437986
AT1G66410,12.836741257532328,0.4992707439053142,13.76728527209056,11.83260349564995,12.682409532790597,0.5500737236930715,13.687802963748515,11.538689230034098,25.7109822961443
AT2G39770,12.08290029874036,0.47010810583193513,13.167454564756012,11.12877692848814,11.818471015195932,0.5589436782582643,13.046756737786168,10.630545298778035,25.702386640106198
AT2G27030,11.716572687924822,0.4569766564623754,13.333364328535742,10.914955718767736,11.374910912463879,0.5461029465334677,13.221654368884815,10.327215604956862,25.639324289838186
AT4G20150,11.914647651248552,0.4662523714265464,13.379469945665988,11.196395005254574,11.617713773922251,0.5522226511972427,13.272933072781806,10.722075326669234,25.554074105391635
AT2G43710,11.928655678962508,0.4674526840852145,12.815702948958636,10.661060727573942,11.630754556518237,0.5841968939885185,12.663230203243836,9.946822676328766,25.518423757275865
AT5G56010,13.566309399289697,0.5318383400677104,14.559922814916867,12.782673579024573,13.473644030242538,0.5627388843985243,14.512646028995563,12.635164202429802,25.508332847087555
AT2G25490,11.919531486018185,0.46735406212802677,12.84703999837276,11.090754189761906,11.622592761534031,0.5602712005462054,12.697621867179784,10.5772628285843,25.504285619652865
AT1G43710,11.649522860244101,0.4571395489787865,12.7364457090404,10.845767071963461,11.28858733989685,0.564890988636609,12.573723481036192,10.225773694883296,25.483515671020395
AT5G57110,12.334246027704777,0.4853808505295765,13.55287153605853,11.562262425658842,12.114138041698585,0.5528314246992762,13.459274367262774,11.201966305090004,25.411480519364236
AT5G08680,12.034664457385267,0.4737882499059393,13.254134441797666,11.402986484118397,11.762646244473737,0.5495325541643348,13.139511874717856,10.996527654238827,25.40093482642192
AT1G56070,15.095983893201323,0.5947306507354514,16.260255646627257,14.071753624609945,15.063715397383106,0.6054924851991644,16.242714980744026,14.014843414552988,25.382892027732957
AT2G18040,11.915904216825068,0.47048679527263926,13.273057152909058,11.276851022207873,11.62001342349645,0.548522009809435,13.15897204769409,10.830058928848311,25.326755897410468
AT5G65430,11.739781586752992,0.4637092694580011,13.207781852489093,11.0778093456713,11.402581411771397,0.5587690253642078,13.087498174657489,10.558384930142369,25.31711647790617
AT1G29150,11.954916705246081,0.4722220399305579,12.958569683197917,11.267104274899511,11.665667230743445,0.5602320221564729,12.819777921170193,10.817274352699837,25.316303972182446
AT4G31340,12.041118353494603,0.4760804071175339,13.346906870068851,11.306285485411872,11.770162524146127,0.55284325680385,13.238723296260988,10.869768706767951,25.292194708029463
AT2G21520,11.654794876755284,0.4625673275896457,12.506609766536165,10.533919294387951,11.293036201605947,0.5851180887813882,12.317463047326598,9.742967595964243,25.195888644981267
AT4G20850,12.449532051198652,0.4943853797932409,13.481906962702604,11.136049455623418,12.245246431656613,0.5685511705341756,13.384851349641927,10.642270203088678,25.18183700417117
AT4G27500,12.350076603165826,0.490710655810386,13.391935622248806,11.216835218459511,12.13187764363882,0.5610575683531448,13.288712005281932,10.751717632298112,25.16773674451851
AT5G26360,12.687753086535146,0.5046670611201906,13.795326614726024,11.965454157745455,12.516269910230486,0.558561439432536,13.716390982251738,11.697719377631987,25.14083851316275
AT3G62290,13.522439107913089,0.537928627825504,14.552806024608314,12.469942866486429,13.426639735977034,0.5709032046691256,14.505145640491818,12.285955390982817,25.137980037566557
AT1G70320,12.734262509576187,0.5067066658181862,13.437150142504441,11.247603072715881,12.56626783246205,0.5762062345614286,13.338933803413543,10.794783217482813,25.13142882976287
AT2G42590,12.233538364290961,0.4868561807157532,13.186049355725023,11.119400790723772,11.994975939072049,0.5738632591140472,13.067747829417934,10.618368239274233,25.12762258929482
AT5G22060,11.665345088157661,0.46451799309479386,12.890354171253056,11.097553240501698,11.309446242736934,0.561477810467802,12.74304401651149,10.585377614732172,25.112794900448822
AT5G20920,11.791078439666839,0.46955534144117483,12.784220921355152,10.960878446636386,11.464459352447609,0.5734182481675836,12.627593408267797,10.393738468644615,25.11115815119315
AT5G47120,11.724936872687866,0.4681550053288857,13.277876437036474,11.03230999868094,11.383965585202581,0.5633111575247866,13.162458501173798,10.494674395674993,25.044988816152735
AT2G03890,11.64271627909976,0.46526839455817576,12.559863669144258,10.7388876799188,11.278755788547675,0.5792319943947057,12.377193435006802,10.065345649357571,25.02365605588967
AT1G06760,11.84136736078539,0.47389137561805467,13.007772309925826,11.045103954873635,11.52673095667679,0.5715798552525831,12.872409920735372,10.513266773817461,24.98751395368135
AT5G52240,11.91519534539299,0.4777934426421672,13.014782240820178,11.178639279393835,11.617849665319033,0.563254633611396,12.880615465418714,10.697988873948082,24.937963316329167
AT4G37830,12.001151295195882,0.48125841777136913,13.261552920091527,11.337263020936327,11.721947111124694,0.5601674091064669,13.147215080562999,10.910438186559556,24.937021051540867
AT3G13870,11.97000524265921,0.480609410286196,13.030412885738375,10.761804021109311,11.682280310421223,0.5787008011372585,12.897957859816485,10.101859912617687,24.90589028527603
AT1G16180,11.905280235051997,0.4782346735246671,13.162822664768829,10.986195577892522,11.604282886216508,0.5760776455756554,13.040494874087582,10.430477642704883,24.894222217950343
AT5G14040,13.29067803674642,0.5350740461006069,14.424233506354424,12.371001766712226,13.17829001787566,0.5710899166455806,14.371954738946208,12.172666153278618,24.83895104538008
AT4G19110,12.442527493488335,0.5010405636595983,13.42750557337806,11.199821076838127,12.236441862377598,0.579649696094319,13.327069349226681,10.729140273125434,24.833373574802337
AT5G58290,12.3627608454845,0.4988914135331155,13.438651628979551,11.644128513278211,12.14629067011771,0.5679348464135494,13.338461851239732,11.304840806188853,24.780464265624975
AT1G13060,11.868319291233542,0.4794238784049232,13.173060857551377,11.118092730279574,11.560305688776028,0.5697323356459837,13.051270157721683,10.614845312616676,24.75537791467599
AT1G76200,11.72381322944454,0.47363321596496166,13.00168517720741,10.87516365114814,11.380955608906092,0.5788804757965886,12.864882155211387,10.269307368171017,24.752937155302558
AT4G35790,11.773407061936776,0.4758687714970109,12.813096669792667,10.749945200259509,11.4423182001752,0.580626409266783,12.65923362238649,10.082951595281665,24.740869262968076
AT3G27430,11.754650846347698,0.47523135099255004,13.018028346089011,10.946515993959057,11.419393401193672,0.5780630041738033,12.882890896963804,10.372946645007008,24.734586263716363
AT5G13450,12.66437790432976,0.5120777740800511,13.551880650952125,11.657145394311275,12.488926790477791,0.5738463008453369,13.460149587224462,11.32239819216969,24.73135633953523
AT1G20260,12.192506600155593,0.4935762978202276,12.92290610214424,10.837163454110016,11.944521850017704,0.5994067776988956,12.782457855758352,10.215545063524814,24.702374595378966
AT2G28910,12.506038418281483,0.5076948818164932,13.524847932034778,11.601401425987664,12.310463126892188,0.5703344866228156,13.43067063242106,11.252013883396529,24.63298108016342
AT2G36530,14.405120145834733,0.5867222868610648,15.625717595013219,13.239605642406783,14.353057308934302,0.6044394995492954,15.600492587968235,13.135109128176879,24.551854375434438
AT5G02500,15.913251578978851,0.6485857723141453,17.051996432392425,14.202478556432558,15.894472542473691,0.656146670274635,17.04023654210657,14.153464016528554,24.535307831685213
AT3G08610,12.004325590777357,0.48948440043871305,13.301889699425722,11.373057942312949,11.725021040377275,0.5713507223323325,13.190395100625036,10.957373087594044,24.52442933833677
AT4G23630,12.792450855025127,0.5216430956269016,14.405888387449451,11.786659927611748,12.633069725902883,0.5708441032609544,14.350534201806505,11.482569860000318,24.523378076443976
AT3G20390,12.228239639731614,0.49900489110505963,13.258885085042548,11.507510408754774,11.989940476116768,0.5729293029191876,13.145907363280354,11.13200643213317,24.505250064086248
AT4G14030,11.724985536444414,0.47919627155094424,12.66072090696066,10.92737603118586,11.380210148013838,0.5982126351906734,12.49040356174075,10.345209005101244,24.468023297626825
AT5G16050,12.358945728063663,0.5061070952243115,13.458548346771982,11.427186378155406,12.141255730269224,0.5784991812780967,13.359546294478164,11.029432266566776,24.419625499591266
AT2G20820,11.720789010525582,0.4801342094657536,12.781983037651871,10.954573348189435,11.376608106741704,0.5864619729470909,12.62456946013412,10.38431611970124,24.411484912869113
AT4G39980,11.80592642307091,0.48638068671168627,12.980832676115643,10.980217118308035,11.482099280079215,0.5885394011752134,12.84285314791888,10.421417911572163,24.27301647787087
AT4G38630,12.041413866367039,0.4961040159669562,13.499238842035775,11.176239131037962,11.768226545463882,0.5845158508786279,13.400891266007873,10.69529754583275,24.27195402338585
AT2G21870,13.173419443880686,0.542817016554493,14.3787621042579,12.077454244565251,13.050486099300757,0.5872363455356978,14.324562231343839,11.832352188952873,24.268619151806227
AT3G22960,13.00097151501413,0.5359122377599532,13.693788556086824,11.8712637676823,12.861114758938411,0.5945611204486352,13.611445694713428,11.586047225895456,24.259516015824868
AT5G08690,12.883629727404585,0.5314485361956488,14.006881583213342,11.802040380874676,12.733238286856276,0.5833617654404347,13.938235401653166,11.501681659612,24.242478527895642
AT5G65700,11.637650077328933,0.4810271720111486,12.450699688012078,10.789207739225228,11.26875824624138,0.6152809671102679,12.254252389194239,10.141364004660124,24.193332007987298
AT5G19400,11.688952986628863,0.48353483700908056,12.98169895993063,10.486848297002608,11.333854524355568,0.6139499383786279,12.842848517748365,9.665810570834388,24.17396243656659
AT5G14030,11.845372055494623,0.49033720317070345,12.803324033271481,11.12505437557152,11.529989452764914,0.5939039538593911,12.649043623270535,10.6243051674857,24.157604152607686
AT2G43090,11.983890429348152,0.49708302396135917,13.230909239131822,11.256682213515829,11.699342627048598,0.5855264561190012,13.11424401324572,10.803487661913703,24.10842827390485
AT5G12140,12.043433092463028,0.499761328404117,12.871832272378782,10.668666657686,11.767168549566358,0.6135981449956229,12.725637125195984,9.959226140636002,24.098369377481056
AT5G64350,12.371313368982713,0.5139094563242901,13.995472113741743,11.504525605100005,12.156298064652471,0.5783012439648323,13.923422516113476,11.128831895991944,24.07294362214673
AT5G27470,11.631969153862684,0.4835275991863292,12.909619245771292,10.883288576774287,11.26426854722585,0.5969627859838998,12.763828037523302,10.280684907577475,24.056474073944763
AT1G57720,13.16516570626202,0.5476917802701902,14.361445887690861,12.348293272774361,13.042076921653225,0.5871386361755919,14.306687620050345,12.146218126633828,24.037544802602863
AT1G14670,11.929420612833454,0.4969121138858303,13.173960018404808,11.297476772087943,11.634909460162042,0.5774491135943555,13.052701818342317,10.8575030525972,24.007103629545117
AT5G55190,12.166603408765502,0.507197104915403,13.546070087923372,11.4118346578097,11.917768119201941,0.5799404874080292,13.451067400989116,11.008646426399562,23.987919668419256
AT1G15270,12.395833601001053,0.518193420866399,13.498902520577083,11.490217997824825,12.183666078016579,0.5869300979843082,13.402552907407758,11.11064785255316,23.921248518122265
AT4G35830,13.103542126842731,0.5480588734610704,14.135155139762823,11.99988190820258,12.973868525269136,0.5976384099389208,14.072531405573791,11.740379113007101,23.909004600348833
AT2G20860,11.63754299481026,0.48680968018794846,12.769566062267131,10.652642783503715,11.268551739152532,0.6194457617580014,12.610133275646508,9.932210668475651,23.905734557943084
AT1G08200,12.314393804287784,0.5162345698140887,13.404043054169659,11.239118217706062,12.08788758184918,0.6013585856159881,13.301363381914344,10.781466081170246,23.854260300162696
AT1G79550,13.213105100602634,0.5551572046900741,14.50426477690032,12.021815562539993,13.093382878399217,0.5980120780588742,14.453856829352837,11.766857661482584,23.800655001818942
AT5G63400,12.21173601150217,0.5143397867954822,13.248025176670346,11.16603483977587,11.967411281231115,0.6089874524582738,13.134148504312448,10.682194335335717,23.74254592977452
AT5G62190,12.814682652911701,0.5401492594446329,14.291970378508937,12.07774713000845,12.657751475958651,0.5854749982680011,14.233385046428108,11.831188559128051,23.724336243814196
AT1G36160,12.560272642560214,0.5298776918489292,13.475907890490944,11.179817638378948,12.369605842060807,0.6050926254027666,13.379135666027073,10.702528011176009,23.704097824411168
AT2G47070,11.906001076820115,0.5029260399386863,12.683044195819079,10.862297636543513,11.600598542167274,0.625795623450959,12.516562574344524,10.251253140994914,23.673463156275666
AT1G78300,11.983390160762204,0.5064096858631298,13.274488736231266,10.892505038930455,11.696279512845287,0.6111287863090957,13.160921593695942,10.295901561649268,23.66343001583311
AT5G16150,11.942864339171473,0.5066435233875717,12.520293055717495,10.60763974546265,11.644354202153984,0.6346672279123541,12.33499555305512,9.862723960528953,23.572519509018637
AT1G50480,12.095871045036999,0.5131854215221812,13.159492175814181,11.197798988562043,11.831996062741817,0.6019834193521819,13.038298759361847,10.724772726330908,23.570176660823527
AT4G11600,12.316190117491127,0.5230351846574582,13.773485056496867,11.509735364470101,12.09174655242123,0.5927867018084193,13.691493526020182,11.135195188291336,23.54753653056274
AT4G24820,12.412680644785985,0.5277663143749339,13.623939655116773,11.652819798762897,12.20307331203069,0.5933923456523258,13.534777100197932,11.31588774613136,23.519274168695446
AT2G46280,11.884017769706594,0.5053494671029369,13.111898249598482,11.219603576617308,11.577850508580223,0.5980432024448606,12.985476152201576,10.7531991392751,23.516434751252806
AT1G23190,11.676744441578347,0.497064085151572,12.534213174867515,10.993532968622398,11.319393724228016,0.6126774386107218,12.348710295157158,10.439582832452414,23.49142653913067
AT2G27020,11.813090774647186,0.5036537705552163,12.997645542030964,10.86466352396205,11.489887057094732,0.607236015305093,12.861230565197648,10.254338509549237,23.454784745530063
AT3G01540,12.347538066579572,0.528175718769631,13.934671834965338,11.533537033214282,12.127754938334675,0.5979984387326961,13.859955316921393,11.165637663530871,23.3777086446586
AT5G07350,12.187912995027059,0.5217658896695057,13.808189089139322,11.346881056028732,11.942830512825424,0.5906506626688723,13.726818218206235,10.923965394653628,23.35896852656862
AT3G51370,11.663834173596412,0.49936693157812767,12.399077552646613,10.806091055103392,11.30113221238677,0.6291525737625855,12.195931016116523,10.166786860691396,23.357241811618767
AT4G13615,11.666044065198578,0.5000357352247831,13.539075612677696,11.000971335392599,11.309034842880056,0.5949135626890281,13.439753173690312,10.450078544306434,23.330420694741537
AT5G56680,11.621174745601355,0.4990397850383631,12.872042633089348,10.81911007473874,11.247754483475916,0.6267660953554707,12.722617884799767,10.186002476162406,23.287070678559207
AT1G30580,12.54574028252692,0.5396663718208466,13.97509012424093,11.811105172668725,12.354954903315685,0.5988719998726686,13.903371744716768,11.51125003094335,23.247215201120103
AT5G11740,13.725896485115106,0.5905916364104941,14.934862569721446,12.52929593780688,13.641426016236075,0.624421239545397,14.896739758980488,12.353640198004545,23.24092594425913
AT2G02050,11.701801266017906,0.5042387784135055,13.051920871243198,10.832743238242308,11.351371708458583,0.6138729715632681,12.91924579916934,10.20667855595073,23.206865015093584
AT1G42960,12.06374741622505,0.5217046053512469,12.983698943364635,10.933371773772878,11.791136459995853,0.6281889717983922,12.847870713064621,10.355593439437309,23.123712714981533
AT2G42210,11.79413469144796,0.5118627324530108,13.33839174955061,10.610025886374823,11.463660402263152,0.6350954591607585,13.227686160496141,9.865962336003228,23.04159678694847
AT1G52740,12.111618908394473,0.5260118344868084,13.92466050915284,11.522793818826166,11.852782268752396,0.5961095964660759,13.847902302907178,11.15084849650192,23.025373412388905
AT3G13920,13.647958451478189,0.5931555381321891,14.796612835070963,12.762936840270404,13.559573273197039,0.6222168071463664,14.755334570621471,12.613692950383088,23.009071945032805
AT1G19910,12.146450969421734,0.5279012912231941,13.261627269329729,11.26945989347238,11.89043272883351,0.6210352719398285,13.148282012766488,10.821291888176045,23.008943473650785
AT3G07480,11.834742022848996,0.5163315279162011,13.524983912066178,10.96642289001613,11.516752595034406,0.6135095641425466,13.426191331247372,10.401840784858452,22.920820021607778
AT3G52300,12.862413198713979,0.5619130853021335,14.275018397980226,11.828637386233552,12.708574268075202,0.6175713711959269,14.21603114891955,11.533918407436799,22.890396282190196
AT2G44060,12.237922098260599,0.5350153692752139,13.005727213278844,11.006326017365314,11.996099257606147,0.6370929116059089,12.872934730670384,10.460452678378894,22.873963629940818
AT4G33250,11.78175226003095,0.5169776650510026,13.168883750554436,11.095995042499707,11.451070418284436,0.6173800761281234,13.046216370718122,10.583833485412852,22.78967362906987
AT2G25520,11.956856640007839,0.5248151434907053,13.352961498584913,11.231387129085837,11.665206024924824,0.6168193759776915,13.244659537225353,10.76942234273901,22.782987092329584
AT4G14960,14.07839744387665,0.6187554332772993,15.2566367912736,12.608697427527709,14.011099315160129,0.6522420122896987,15.225445252491195,12.444037683969857,22.752765772591324
AT3G05220,12.740261773277906,0.5600829766807706,13.472216375448617,11.304620265518375,12.570506837482029,0.6352377957223229,13.376187503896968,10.870711385314587,22.747096954777557
AT2G03120,11.707170427632406,0.5152684860902907,12.683834670432043,10.91004409078166,11.355158022505181,0.6399537103028305,12.51595039681045,10.320023112789158,22.720524820881348
AT5G43320,11.779340457381323,0.5185584114870664,12.707549501096173,10.800055789396463,11.44574193061754,0.6346444421791272,12.542816028069785,10.158419342756371,22.715551799847947
AT1G79990,11.783908064668566,0.5190117094712219,13.211892929038223,10.905043209376554,11.452661302944902,0.6268110972030801,13.092555419395598,10.313196341713708,22.704512922597093
AT1G51510,11.648613449058576,0.5136599751590362,13.365210621260077,10.899168423680061,11.284135168047559,0.6239975592035405,13.254981928374361,10.303886575260126,22.677673971876057
AT3G11710,12.094741426503605,0.5334069543618395,12.983691407991778,10.964841081305277,11.827533306370702,0.6384267578962346,12.848085909238318,10.400840336329056,22.674510198266127
AT5G42790,11.773883445557288,0.5194548056646568,13.297045960641714,11.215700654060123,11.441507353188108,0.6180478094165629,13.18342015556026,10.747329208119526,22.665847571652122
AT2G01140,12.491437790104834,0.5512586615345417,13.641829667555806,11.43057503729618,12.290908392976133,0.6258001081972064,13.554079126206949,11.034381368902267,22.659848564251764
AT1G47260,11.828871287942722,0.5228686354100648,13.247852070188944,10.840578058249601,11.506760372577123,0.637032441233746,13.131425750136431,10.21890794765688,22.6230270604505
AT2G33410,11.719656014059103,0.5182135928381842,12.624236615561394,10.729289362302103,11.369340576632867,0.6516405414633968,12.449747281376451,10.051157684120016,22.615493256115045
AT4G39260,13.699381699135396,0.6082243031819615,15.464323050258875,12.397014332918738,13.613571463580714,0.6393038082606057,15.434275462373005,12.203873375936638,22.523568406369602
AT5G19820,11.838269518635451,0.5266671322640913,12.939823013169944,11.016713425061559,11.519160770745982,0.6324978017825138,12.798494889045296,10.473308055430092,22.477707062796703
AT1G61790,11.712852349260778,0.5220318165937258,12.698290568407199,10.934835909635442,11.362394925761599,0.6425428301252792,12.532025195618779,10.355864898742531,22.43704689435888
AT1G56450,11.832167997576978,0.5278933012914017,13.191958919841447,11.081546587350715,11.512753358841486,0.6264242223355654,13.071373409320731,10.564049390013105,22.413938514907425
AT2G38040,12.69501064867365,0.5685959497881473,13.320185051553826,11.258044045344551,12.51813202119702,0.6555534908532997,13.214114810566613,10.808445136679548,22.32694526474146
AT3G57290,12.10454424317323,0.5428101371808934,13.258180119218919,11.120918233212276,11.840263692814167,0.6367740816792133,13.144324073152427,10.619855187639796,22.299775582745514
AT5G36880,11.676663525922008,0.5240627265610199,12.877468552066553,10.899055329317125,11.31665053194075,0.6480173525320059,12.729054015846339,10.30391604205681,22.28104181830688
AT3G50370,12.203411658811161,0.5477161491463517,12.963176954811225,10.570589333461406,11.951872460056904,0.6750858021671781,12.826423429894765,9.804556221098373,22.28054016269359
AT3G22110,11.846454018720468,0.5321130063795751,13.47593067579359,11.088482177089494,11.530109090265812,0.6302274049408879,13.374374595634894,10.573748020003633,22.26304164095168
AT3G08580,14.907659599047117,0.6697872643112248,16.143921400583537,13.682114120463257,14.870229639835337,0.6829965485550942,16.124971163927174,13.606921592321857,22.257305257031717
AT4G13940,14.907866077238735,0.6723146554551949,16.532587951800267,13.65766683580596,14.87066022997284,0.6842175574987727,16.515812777101935,13.581188166924818,22.173941853380054
AT2G47510,11.87758218232351,0.5361820808896887,12.891154946789346,11.014564654429446,11.565543554936001,0.6497017037750603,12.745650228767198,10.47044912097941,22.152143097760742
AT5G04430,12.126990714063092,0.5478006386337674,13.193051999277666,11.159679107451451,11.866279428238947,0.6434163685263107,13.074604491888053,10.673158575753655,22.137598715306726
AT5G08670,12.882851817081397,0.5828300752957034,14.087755030531138,11.999387916381558,12.730856986292377,0.6362118688991126,14.022263970962255,11.738899101705133,22.103958534646967
AT5G20620,11.787811872728483,0.5339437215472348,13.036011585407376,10.822786466832778,11.454725178192444,0.6544841323109007,12.902641949070285,10.192403777492833,22.076880759212536
AT4G31990,12.323308030168793,0.5585102593902199,13.274364744576904,11.255986002263917,12.095314940372079,0.6520778379682759,13.163058336101786,10.804056037786086,22.064604585103503
AT4G15470,12.160074236417863,0.5511741766568633,13.192460211527044,11.306706365134682,11.905259250900983,0.6456827971206079,13.07418054328924,10.87082732701303,22.06212618699694
AT3G52850,12.099402501954922,0.5485255424359118,13.350013118656905,10.928838035226464,11.83334305877407,0.6468900748026443,13.242406954402039,10.349128752600933,22.0580475582294
AT4G21105,12.267947510065035,0.5572407927218836,13.845384119960961,11.48746070963407,12.034397863680333,0.6287548090890964,13.76626495181839,11.106526037072546,22.015523038328446
AT5G01410,11.928151543174103,0.5418345460868165,13.343076423390977,10.987824668798503,11.628587648859275,0.6422565118757106,13.233910668204409,10.43278649776975,22.014379904936686
AT2G43750,11.668144062575664,0.5302078739124397,12.984580182925958,11.011765109734883,11.306817362608689,0.6455661767387129,12.845835214733661,10.465396111935465,22.006734785878677
AT1G04170,11.886468493593153,0.5402726041684275,13.091460428812956,11.058106244800433,11.577292065428084,0.6457363034433657,12.96342244111644,10.531657507530372,22.00087215580452
AT3G29360,12.04481299804438,0.548841390026794,13.122152204520662,11.137749969545307,11.768177179973312,0.6489911083049692,12.99771433124424,10.64270104517805,21.9458904100807
AT3G48560,12.941119894192443,0.5901205012306685,14.672150673070426,12.136168561406187,12.796004321616744,0.6355581568871048,14.62464122258546,11.900185093703088,21.92962262318348
AT5G13000,12.265932915569357,0.5623056998013489,13.144993145506696,10.68109036860727,12.025329933406622,0.6805380303428088,13.023763761061087,9.97946305021861,21.813637883988477
AT5G17770,12.414154986252251,0.5704303885762297,13.49324223540225,11.248506627857214,12.200320800928692,0.657120331370385,13.396663878690335,10.794517353045121,21.762786897166297
AT3G48000,12.363886179668377,0.5687388751472247,13.181053224816809,11.202670594556468,12.141890271891093,0.6606172995527858,13.063176662451525,10.732584560621019,21.73912619647785
AT5G58950,11.970843266346838,0.5516696285491771,13.234684404990068,11.27879754732487,11.680267570213474,0.6465402449248026,13.118215128604563,10.83290568846006,21.699297272950616
AT1G31970,11.78464713111046,0.5433559441260357,13.476107978348134,10.96642289001613,11.453878023437465,0.6408708589501803,13.374082958649332,10.40155517709762,21.688632025670668
AT2G18960,13.896050199679078,0.6409510900773989,14.97759747496171,12.862815860733882,13.820717108119076,0.6682881181888588,14.94102792310373,12.724592949458973,21.68035972604562
AT1G63770,12.58782893272734,0.5822411183074414,14.441297138859944,11.489770799489024,12.40177396994331,0.638547338401253,14.385800059666884,11.110890250399605,21.61961520223753
AT3G48140,12.830160611584855,0.5938191648139518,14.548278823921185,11.860115203249592,12.672462572157809,0.6469595246676451,14.497087325332355,11.57185798309563,21.606174693948528
AT5G26667,11.685219820892506,0.5409401442785639,12.476361663443582,10.331326346934548,11.321781402752027,0.6967330156348482,12.283614058278426,9.40040893860516,21.601687255947226
AT4G18710,11.661683888271533,0.540195471121843,12.980917872669108,10.640948886027969,11.295585553694874,0.6732722476928904,12.841803541374972,9.914037085857855,21.587896440622323
AT4G24620,11.736353061049506,0.544400583025386,12.898709615123755,11.008855477982575,11.390535039010445,0.6642626283028058,12.752803370619368,10.461620976787914,21.55830362235712
AT5G11200,11.74234667007487,0.5458302597827175,13.072577674758584,11.025768908422233,11.399530409127692,0.6547875618474014,12.941933029121612,10.485522984993015,21.512817326670802
AT1G29900,12.047955463508554,0.56010868533715,13.088687041485091,11.13875165009499,11.771318507725693,0.6605219394782086,12.961608338108556,10.644132300108446,21.510031497291365
AT5G65670,13.125199405089973,0.6102132910087107,14.119045180204461,11.90243067965114,12.995275133321007,0.6644551873161237,14.055935281976517,11.624134281436968,21.50919948563135
AT1G51200,12.344092565286964,0.5744938952122243,13.438515013771553,11.518224387824601,12.12071833337069,0.653312870166527,13.338201323575051,11.146110663134982,21.48689945735093
AT4G03560,11.782763499435855,0.548466983350575,12.990234939846422,10.741299072938112,11.446879359503072,0.6744187922973041,12.852910822811644,10.069629214083898,21.48308623329551
AT1G11910,13.625976973597197,0.6347188219468098,15.265843283225118,12.865540510347701,13.535372748133232,0.6658510801095031,15.233327255666232,12.726523772843867,21.467737370389607
AT4G29010,12.093351438408655,0.5635038310000051,13.40130189968411,11.221561778347468,11.826366043963974,0.6553226859527476,13.29700470697718,10.756853331017863,21.460992407003786
AT1G64790,11.88435325492787,0.5544688890220913,13.079921386429472,10.876313574969377,11.572828535076182,0.6678468800242355,12.950939180205138,10.27175073004225,21.433760288856114
AT5G12150,11.644983533978811,0.5438118264035581,12.835412188726794,10.637130838905007,11.27298754855875,0.6852527608383215,12.682647328653706,9.908038012274162,21.41362686242349
AT4G31300,11.697328521152674,0.5463128707086337,13.303261452843218,10.867218592296377,11.343187085645187,0.6573987451133331,13.189421690248867,10.25743748028028,21.41140937422878
AT1G64090,11.996943176840935,0.5603630163296006,14.062323131680714,11.222324554821206,11.712509267093807,0.6480035500722131,13.990245727064565,10.757393784402286,21.4092344198969
AT5G64290,11.728363901276028,0.5478822814796528,13.381114317596976,10.845987133014642,11.38246437312601,0.6548699697671033,13.272666576285761,10.226294587332003,21.406722388615144
AT1G01090,12.764168529719884,0.5976525143359543,13.795825759637207,11.700687605984525,12.596440385556354,0.6686419044391818,13.717325187875375,11.376792226035427,21.357173647804398
AT5G44340,13.38474327333103,0.627771849497581,14.651856038605759,12.250906832875557,13.276338441023174,0.6723408318192965,14.606060484868788,12.035215661996686,21.321031333346852
AT1G74260,11.74065512363906,0.5508495088874037,12.847226822817067,10.990111486788814,11.394852974427566,0.6742940661666647,12.696435943184248,10.435098895250116,21.313725317378665
AT3G04120,13.816854296861534,0.6491391877133823,15.379053282340148,12.601614962146508,13.73744723107317,0.6762425448094465,15.348587792161156,12.435088287449346,21.28488706024964
AT1G04120,11.83260839761379,0.5561145694461077,12.79966943432477,10.48216164831206,11.505713639135898,0.6959083705640793,12.644915525001895,9.658762555441818,21.277285379160475
AT4G13930,13.052107646501108,0.6157384288487728,14.593999943056915,11.603342172488116,12.915368817405309,0.6721039272260948,14.545374001887636,11.256779614719207,21.19748749628025
AT3G51260,11.902663570677976,0.5620509904282368,13.514391188296491,11.290020044086772,11.59849053773793,0.6508603217947233,13.415604698670297,10.847432558279575,21.177195260538767
AT4G29350,12.675941887377684,0.5988048221876217,13.665909087906117,11.483506954472489,12.497404788008216,0.6735083611771924,13.580475250577457,11.103257714746496,21.168737153900157
AT4G17140,11.901782000695542,0.5625030597793937,13.100788343860263,10.876868582412094,11.592402443189867,0.6837984752001394,12.973603282404238,10.272675987425373,21.15860846226021
AT3G52140,11.909625503149675,0.5643105071230777,13.152605576791018,11.095089141551338,11.603650053860122,0.6735498184884572,13.029575921481348,10.583221106086398,21.104738176622593
AT5G24690,12.220122729665686,0.5801046798001505,13.264505172985944,11.048972125945765,11.97396180303458,0.6774675781092286,13.151851500831174,10.520427061165766,21.065375190345975
AT2G47390,11.894721453357093,0.5652082086010637,12.883732802952762,11.026556321940339,11.584366198453745,0.6812999893168348,12.737632486943044,10.48743806902248,21.044849088086487
AT5G64400,12.389199980753775,0.5890467930995563,14.132008119754076,11.528170992954866,12.172999441709853,0.6621523263814494,14.065307080664937,11.158970482183303,21.032624446628375
AT5G46430,12.853434342316154,0.6114604423760711,14.209274645184642,11.59283232703331,12.695890791912994,0.6768241616429054,14.148011270553711,11.242721152983941,21.02087633399318
AT4G32390,11.82023018243965,0.5624868350804672,13.315520163236538,11.015521895781305,11.4946678074832,0.6722363836605943,13.204025778772317,10.471492886583698,21.01423437003409
AT5G16470,11.880409025297954,0.5657368739814977,13.641694217751937,11.140763481136789,11.56944888997996,0.6663937910595208,13.549734380081663,10.64595038867079,20.99988452526872
AT3G20050,12.381834211839193,0.5903724373643957,13.5472298452637,11.393418261062344,12.163348773672768,0.6706751076629003,13.45362888378207,10.985670375068194,20.972920529819298
AT3G24080,11.74164866183009,0.560096827227522,12.938877161452302,10.675342336860822,11.393705614603405,0.6962773534098712,12.796682027741216,9.968132217261259,20.96360502513686
AT5G45430,11.868541695549931,0.5673233360880089,13.155949990524364,10.527138113315736,11.550608105341803,0.6969383386007051,13.032832743481965,9.732936769684732,20.920242374286474
AT5G20020,12.530068299739053,0.599107384747262,13.994386022166333,11.644128513278211,12.334049007236693,0.6672370509062375,13.923396549782748,11.305554200264334,20.914561594037032
AT5G23540,11.842906142355563,0.5663939747470073,13.172890248202194,10.909589299157782,11.520009021533845,0.6901376113244252,13.050884263618238,10.320008192144142,20.90930813246286
AT4G18030,11.954367580676179,0.5726336579495223,13.164734261328357,11.058774068054182,11.656960527496235,0.6838572396676159,13.042946762234962,10.532879466155826,20.8761175923228
AT3G20770,12.077000639127421,0.5795055593508666,13.608153259057039,11.29171924684669,11.806705709937663,0.6689683848572574,13.516406735132716,10.850578274768168,20.840180813201307
AT1G78040,13.76338629155567,0.6606398158360128,14.977081673108467,12.351245611328915,13.67859666817961,0.7031610394475142,14.93991679144591,12.151989696244557,20.8334193029808
AT5G56030,13.902889784783058,0.6691980131243845,14.932137134724174,12.613429183229782,13.826426421970947,0.7035999967863157,14.894726664799801,12.448620695009511,20.77544988496389
AT5G10450,13.069617581754162,0.630809930830196,14.742589773595101,11.563714411900603,12.933479169739226,0.6909963817849998,14.697370952258623,11.20678728475703,20.718788565287024
AT4G17520,12.65072645168824,0.6112361201193914,13.946341069271808,11.90090320013788,12.469727734495798,0.6787718199427349,13.873957816014515,11.620278389943604,20.69695496597485
AT5G10980,12.325773449706535,0.5956857218238404,13.737139854620262,11.382835409445006,12.097978237685604,0.6799617065666985,13.653317059047154,10.971625001994587,20.6917389457785
AT2G27730,11.940303991508038,0.5774997436342411,13.471084739193568,11.05418038037703,11.640052144710268,0.6869868228672514,13.369997827913773,10.526402359326006,20.6758602460444
AT1G78380,12.93436806034508,0.6259905224982009,14.397105461773053,11.8706743934691,12.78628021127334,0.6806514809939973,14.34231298578606,11.58504522425463,20.662242630649818
AT1G70160,11.820508357716138,0.5727337305955724,13.168715225676825,10.982876061033672,11.49286689311606,0.6921182798852495,13.046227934638399,10.425198894502437,20.638750131626207
AT2G21160,12.369602911355805,0.600719665420226,13.932031230154891,11.328661403738668,12.147888868970519,0.6882197498532486,13.857901713258153,10.900793513521595,20.591306766531112
AT4G14880,12.78004253552517,0.6208099938381197,13.694939356779498,11.213802844786487,12.612395400104425,0.6987464383790956,13.61154286110528,10.749503826861131,20.586077322166386
AT3G25230,12.086872194261838,0.58796503088246,13.252484067734558,10.81162267726219,11.813684484204158,0.7055582624139334,13.138103528620015,10.177126274138393,20.557127651147884
AT1G50920,12.286447643977588,0.598508793683155,13.757003738459106,11.319412584665717,12.0523189018278,0.6830137519515499,13.674012278649101,10.888203221307167,20.52843295479117
AT1G31850,11.909568737517914,0.5803535329322274,13.808003389082533,11.002023982120887,11.606028986039684,0.670334360130294,13.724603693790396,10.452808016647566,20.521230701129706
AT1G30230,13.413328517904311,0.6539266150459428,15.459307024356395,12.741416798267712,13.30842587079374,0.685852500252537,15.427933804716675,12.588952586045835,20.511978269858204
AT3G56800,12.242413030619307,0.5981798025246273,13.827411488046703,11.202874625675069,12.001576831998198,0.6802644323319383,13.747314433155342,10.732234121641834,20.4661089842051
AT3G50500,11.910855588146074,0.5824711725035381,12.887638970967712,10.70455359268387,11.60173597487304,0.707174604291113,12.742032285311032,10.014045912054666,20.448832749870938
AT2G45070,12.070600611090509,0.5917856287502035,13.287939458970202,11.123033541758264,11.797005741478996,0.6906506784433586,13.175954675768494,10.622567045206742,20.39691405920502
AT3G06650,12.036982887986472,0.5904939986184867,13.339155146778577,10.88285272577991,11.753271457347447,0.7142791379815806,13.230399223902275,10.281881597750901,20.384598177370243
AT4G02450,12.566593370718133,0.6166684201623472,13.742323669057546,11.373580173424934,12.372364107300317,0.7004277488343618,13.660155330125116,10.960602498105086,20.37820157453464
AT4G02510,12.830893407024826,0.6301660781419308,14.383464365698206,11.591230660513874,12.670730784044327,0.6934407004414439,14.327915639738785,11.240615649092437,20.361129949833565
AT5G20190,11.63603769019452,0.5717850155999692,13.059118424960266,10.787360119766648,11.261369775140889,0.7033283596781662,12.926602853606973,10.13853833669147,20.350371857830034
AT4G39400,11.997706409357102,0.5899897643359469,12.906336626168715,10.967539799958264,11.705749186923049,0.7160909807855638,12.763083227175613,10.40419546530396,20.335448400297114
AT5G61380,12.008102002396074,0.591286321194406,13.247665423112812,11.028987950199229,11.719919210081336,0.7064231820716512,13.132382187303872,10.491297115687185,20.3084386903109
AT4G35000,12.176790577381988,0.600174537340632,13.332017281474835,10.966814094447997,11.920992801061045,0.7062579142215462,13.223753094953338,10.403968957308482,20.288749055128594
AT3G59970,12.60023899758269,0.6213878944385073,13.484077300283232,11.08914148590998,12.408262632458591,0.7182096079853064,13.387994233182342,10.57814281570707,20.277573976506897
AT5G53560,12.404676390270248,0.6123158826858849,13.810746428021194,11.508996184430401,12.188546612404732,0.6937365313491484,13.730935021882745,11.134632956207914,20.258622617884612
AT4G34700,12.193989850784222,0.602653515487626,13.843778943600949,11.134327247866667,11.942013471965335,0.7027539500513924,13.764067701675232,10.638646116740595,20.233831774660235
AT1G72020,12.30882824655035,0.6097575429076544,14.006512735011619,11.458498311700941,12.07868940453524,0.6885988204136023,13.934528013296502,11.069525103838634,20.186430475062576
AT5G21090,12.577617605493487,0.6233323887494131,14.099575576950759,11.77559835897065,12.387240178528147,0.6900889220228079,14.033037070606927,11.468037865832027,20.178026735828475
AT5G47210,13.680857386999831,0.6784407440423348,15.062481648734789,12.610728701495724,13.591908122268041,0.7149122704511116,15.026498033255711,12.444738073985178,20.16514707752597
AT1G78080,12.26933050891658,0.6113649720324786,13.647087227202237,11.068566106068639,12.029623865612827,0.7105286944030141,13.558261163688528,10.547991085026277,20.068749552541874
AT4G30600,12.19449592925745,0.6098320328722923,13.882664831416914,11.046379011343355,11.943516215852064,0.7021436305430924,13.804700882094137,10.51663647413165,19.996483083746366
AT3G10860,12.195876652279841,0.6110503312353639,13.663214853208789,11.361184380255189,11.94537320483405,0.7008787661093414,13.574887441453155,10.94270784120341,19.958874136641686
AT1G62390,12.1260639193785,0.609279952792331,13.165689184187874,11.47340890751372,11.862811896770879,0.7016215202524757,13.045183140440736,11.08779947387084,19.902286073593476
AT1G07940,12.501880890454064,0.6315119268024127,14.26506091017545,11.59934768926941,12.29970242502713,0.7073660696324238,14.203655674515282,11.249370814842411,19.796745492608327
AT4G23100,12.691753452923162,0.6414058505221317,14.220276812659392,11.803176919275602,12.514642099324426,0.7097655318826477,14.15868925783917,11.502197373651185,19.78739894965338
AT2G23090,12.508777744633282,0.6341124453039102,14.153413807628404,11.298864529344975,12.306192511504209,0.7181195305271882,14.08823543770815,10.86193520684836,19.72643469982397
AT3G13580,11.802537021979447,0.5992676584929241,13.745199842871703,11.076991988939563,11.472303448181906,0.7008715507418642,13.658052666915948,10.557479411226325,19.694934066125324
AT1G32230,12.461687369888837,0.6330291051064657,14.005335574853365,11.596365225887839,12.25447946441969,0.7050207314133484,13.934540716133373,11.245471627178498,19.685804758997573
AT4G13430,12.846891954793303,0.6535995313882071,14.576539829540943,12.061220845202518,12.689303025508535,0.7068565052376775,14.526195223825777,11.811846950335735,19.65560153861686
AT1G27450,12.417947639391226,0.6323773373779333,14.577343135215365,11.54456821881347,12.204785450973148,0.7037066166824272,14.52445553257802,11.179876738327446,19.636927045615767
AT5G59613,12.308617129316426,0.6272544102404681,14.08695318994097,11.101341796422078,12.076188902444695,0.716469287318991,14.018068167038894,10.593728733580415,19.623006117402536
AT4G16760,11.817621093080103,0.6053228173925046,13.906514408865926,11.007927640835529,11.48899842984044,0.7166454902129785,13.826667112820855,10.460733698678673,19.52284095945007
AT1G15120,12.001361314900416,0.6152513642643241,13.479519985797698,11.127690202320096,11.71292134765951,0.7161007356793375,13.379611579265434,10.628605063106795,19.506435925178046
AT2G01450,11.680274724780999,0.5998832676237952,13.140520899864287,10.865152692011305,11.317413536880963,0.7189054325426338,13.01498131225067,10.254232470931633,19.47091268447589
AT2G04520,11.973262695487179,0.6235935164099543,13.570092445998867,11.315988278369998,11.68082527546333,0.7125463614018802,13.475078041161726,10.882148034809655,19.200428452844722
